Horodateur,Adresse e-mail,Score,"Quel est votre genre?
",Quel est votre √¢ge?,Vous √™tes?,Quelle est votre marque de fast fashion pr√©f√©r√©e?,Par quels canaux les achetez vous le plus souvent?,Quelle est votre fr√©quence de consommation de la fast fashion ?,Quel facteur  impacte le plus votre d√©cision d'achat d'articles fast fashion?,Quel facteur   impacte le plus votre d√©cision d'achat d'articles fast fashion? [2],Quel facteur   impacte le plus votre d√©cision d'achat d'articles fast fashion? [3],Quel facteur   impacte le plus votre d√©cision d'achat d'articles fast fashion? [4],"D'apr√®s vous, quel est le salaire d'un ouvrier indien dans le prix d‚Äôun t-shirt produit en Inde et vendu 29 euros?","Saviez-vous que  l‚Äôempreinte carbone de la mode est de 1,2 milliards de tonnes de CO2?","D'apr√®s vous, combien de litres d'eau il faut en moyenne pour faire un jean?",Saviez-vous que  l‚Äô√©quivalent d‚Äôune benne de v√™tements est jet√©e chaque seconde dans le monde?,"Face √† tous ces impacts de la fast fashion, seriez-vous pr√™ts √† vous tourner vers une mode plus √©thique?","Utilisation des chat bots pour √©duquer les consommateurs sur les impacts de la mode rapide et leur fournir des alternatives √©thiques
",Cr√©ation d'un moteur de recommandation bas√© sur l'intelligence artificielle pour aider les consommateurs √† trouver des produits de mode √©thiques adapt√©s √† leur style et √† leurs pr√©f√©rences. ,Utilisation des algorithmes d'apprentissage automatique pour surveiller les prix des produits de mode √©thiques et les comparer aux produits de fast fashion afin de montrer aux consommateurs qu'ils peuvent √©conomiser de l'argent et faire une diff√©rence positive en achetant des produits √©thiques. ,D√©veloppement des syst√®mes de points de r√©compense bas√©s sur l'IA pour encourager les consommateurs √† acheter des produits de mode √©thiques et √† encourager leurs amis et leur famille √† le faire,"Utilisation des r√©seaux neuronaux pour cr√©er des images de produits de mode √©thiques plus attrayantes et plus engageantes que les produits de fast fashion.
",D√©veloppement des applications mobiles qui permettent aux consommateurs d‚Äôacc√©der √† des informations sur les produits de mode √©thiques et de trouver des produits √©thiques dans leur r√©gion,Utiliser des mat√©riaux naturels plut√¥t que des mat√©riaux synth√©tiques pour la fabrication des v√™tements ? ,R√©utiliser des v√™tements anciens pour en cr√©er de nouveaux ? ,Utiliser des mat√©riaux recycl√©s pour la fabrication des accessoires de mode ?,Consommer (beaucoup) moins et d‚Äôoccasion,Louer ses v√™tements pour moins polluer et  Donner une seconde vie √† ses vieux v√™tements,Des v√™tements et accessoires de mode √† base de bouteilles en plastique,Offrir des remises pour l‚Äôachat de produits √©thiques et durables et  Organiser des d√©fil√©s de mode √©thique afin de sensibiliser √† la mode responsable.
22/01/2023 21:37:44,,,Femme,25 - 35 ans,Etudiant,"SHEIN, ZARA, Bershka",En ligne site divers,R√©guli√®rement(une √† plusieurs fois par mois),Prix abordables et accessibles,Design tendance et articles √† la mode,Facilement disponible,Design tendance et articles √† la mode,18 Centimes,J'en ai rien √† faireüíÄ,5000L,√ßa ne me concerne pasüíÄ,Oui,3,4,4,4,4,4,5,4,4,4,4,4,4
03/02/2023 12:50:26,,,Femme,Moins de 18 ans,Etudiant,"Mango, Jennyfer",Vente priv√©e en ligne,R√©guli√®rement(une √† plusieurs fois par mois),Prix abordables et accessibles,Design tendance et articles √† la mode,Prix abordables et accessibles,Design tendance et articles √† la mode,1 euro,Oui,5000L,Non,Oui,5,5,5,4,3,4,5,3,4,4,4,3,3
03/02/2023 12:53:17,,,Homme,25 - 35 ans,Salari√©,"H&M, Pull and Bear",Magasin physique,Fr√©quemment(une √† plusieurs fois par semaine)ü§ê,Design tendance et articles √† la mode,Facilement disponible,Design tendance et articles √† la mode,Facilement disponible,1 euro,J'en ai rien √† faireüíÄ,7600L,√ßa ne me concerne pasüíÄ,Oui,4,4,3,3,3,5,5,3,4,3,4,5,4
23/02/2023 17:07:18,,,Femme,18 - 24 ans,Etudiant,Stradivarius ,En ligne site divers,R√©guli√®rement(une √† plusieurs fois par mois),Facilement disponible,,,,18 Centimes,Oui,5000L,Non,Oui,3,4,5,2,3,3,4,5,5,4,1,3,3
23/02/2023 17:08:21,,,Homme,18 - 24 ans,Etudiant,carhartt,Vinted,Rarement( une √† deux fois par an),Vari√©t√© de styles et de couleurs,,,,3 euros,Non,5000L,Non,Oui,3,4,4,4,4,3,4,5,5,5,3,3,4
23/02/2023 17:08:50,,,Femme,18 - 24 ans,Etudiant,H&M,Magasin physique,R√©guli√®rement(une √† plusieurs fois par mois),Prix abordables et accessibles,,,,18 Centimes,Non,7600L,Non,Oui,4,5,5,5,4,5,5,5,5,5,5,5,5
23/02/2023 17:10:53,,,Homme,25 - 35 ans,Etudiant,Tommy Hilfiger ,Vinted,R√©guli√®rement(une √† plusieurs fois par mois),Vari√©t√© de styles et de couleurs,,,,1 euro,Non,1000 L,Non,Oui,3,3,3,3,3,3,5,1,5,4,5,5,4
23/02/2023 17:12:29,,,Femme,18 - 24 ans,Etudiant,ZARA,En ligne site divers,R√©guli√®rement(une √† plusieurs fois par mois),Prix abordables et accessibles,,,,18 Centimes,J'en ai rien √† faireüíÄ,7600L,Non,Non,5,1,5,5,5,5,2,5,5,5,1,2,5
23/02/2023 17:12:50,,,Femme,25 - 35 ans,Etudiant,ZARA,Magasin physique,R√©guli√®rement(une √† plusieurs fois par mois),Vari√©t√© de styles et de couleurs,,,,1 euro,Non,2600L,Non,Oui,5,5,5,5,5,5,5,5,5,5,5,5,5
23/02/2023 17:13:00,,,Homme,18 - 24 ans,Etudiant,Aucune marque de fast fashion,Magasin physique,Rarement( une √† deux fois par an),Prix abordables et accessibles,,,,3 euros,Oui,5000L,Oui,Oui,3,5,4,5,3,3,4,5,5,5,4,4,4
23/02/2023 17:13:47,,,Femme,25 - 35 ans,Etudiant,Pas de marque particuli√®re ,Magasin physique,R√©guli√®rement(une √† plusieurs fois par mois),Vari√©t√© de styles et de couleurs,,,,5 euros,Non,1000 L,Oui,Oui,5,5,5,5,5,5,5,5,5,5,5,5,5
23/02/2023 17:15:26,,,Femme,18 - 24 ans,Etudiant,Mango,Magasin physique,R√©guli√®rement(une √† plusieurs fois par mois),Prix abordables et accessibles,,,,18 Centimes,Oui,7600L,Oui,Oui,3,4,4,3,3,4,5,5,5,5,5,4,4
23/02/2023 17:15:55,,,Femme,18 - 24 ans,Etudiant,Mango,Magasin physique,R√©guli√®rement(une √† plusieurs fois par mois),Prix abordables et accessibles,,,,5 euros,Oui,3000L,Oui,Oui,5,4,5,3,1,5,2,5,3,3,3,4,5
23/02/2023 17:16:42,,,Homme,25 - 35 ans,Etudiant,ZARA,Magasin physique,Fr√©quemment(une √† plusieurs fois par semaine)ü§ê,Design tendance et articles √† la mode,,,,5 euros,Oui,2600L,Non,Oui,5,3,4,5,3,2,4,5,1,5,4,3,3
23/02/2023 17:18:31,,,Femme,25 - 35 ans,Etudiant,H&M,Magasin physique,Rarement( une √† deux fois par an),Prix abordables et accessibles,,,,1 euro,Oui,7600L,Non,Oui,3,3,4,4,3,4,4,5,5,5,3,5,4
23/02/2023 17:19:48,,,Femme,18 - 24 ans,Etudiant,H&M,Magasin physique,R√©guli√®rement(une √† plusieurs fois par mois),Prix abordables et accessibles,,,,1 euro,Oui,1000 L,Non,Oui,4,5,3,3,2,5,5,3,5,4,3,5,5
23/02/2023 17:23:45,,,Femme,25 - 35 ans,Etudiant,ZARA,Magasin physique,R√©guli√®rement(une √† plusieurs fois par mois),Prix abordables et accessibles,,,,18 Centimes,Oui,3000L,Non,Oui,3,3,5,3,4,4,4,5,5,4,4,4,4
23/02/2023 17:23:58,,,Femme,18 - 24 ans,Etudiant,Bershka,Vente priv√©e en ligne,R√©guli√®rement(une √† plusieurs fois par mois),Prix abordables et accessibles,,,,18 Centimes,Non,5000L,Non,Oui,3,4,4,3,4,5,4,5,4,4,4,4,5
23/02/2023 17:25:31,,,Femme,25 - 35 ans,Etudiant,ZARA,En ligne site divers,R√©guli√®rement(une √† plusieurs fois par mois),Prix abordables et accessibles,,,,1 euro,Oui,5000L,Oui,Oui,2,4,4,4,4,4,4,4,4,4,4,4,4
23/02/2023 17:27:10,,,Femme,18 - 24 ans,Etudiant,Mango,Magasin physique,Rarement( une √† deux fois par an),Prix abordables et accessibles,,,,1 euro,Oui,7600L,Oui,Oui,2,4,4,3,4,4,5,3,3,5,4,2,4
23/02/2023 17:28:08,,,Femme,18 - 24 ans,Etudiant,Mango,Magasin physique,Rarement( une √† deux fois par an),Design tendance et articles √† la mode,,,,3 euros,Oui,5000L,Oui,Oui,3,4,5,2,3,5,3,5,3,5,3,3,3
23/02/2023 17:35:19,,,Femme,18 - 24 ans,Etudiant,H&M,Magasin physique,R√©guli√®rement(une √† plusieurs fois par mois),Design tendance et articles √† la mode,,,,18 Centimes,Non,3000L,Oui,Non,3,3,4,2,4,4,5,3,5,2,1,2,4
23/02/2023 17:36:28,,,Femme,18 - 24 ans,Etudiant,Mango,Magasin physique,Rarement( une √† deux fois par an),Facilement disponible,,,,18 Centimes,Non,7600L,Oui,Oui,1,3,4,1,3,5,5,5,4,4,3,3,3
23/02/2023 17:50:25,,,Homme,25 - 35 ans,Etudiant,Asos,En ligne site divers,R√©guli√®rement(une √† plusieurs fois par mois),Prix abordables et accessibles,,,,3 euros,Non,3000L,Non,Oui,3,3,4,3,2,4,4,4,4,3,3,3,3
23/02/2023 17:52:51,,,Homme,18 - 24 ans,Etudiant,H&M,Magasin physique,R√©guli√®rement(une √† plusieurs fois par mois),Design tendance et articles √† la mode,,,,1 euro,Non,5000L,Non,Oui,3,5,5,5,4,3,4,4,3,1,1,2,4
23/02/2023 17:55:55,,,Homme,18 - 24 ans,Etudiant,Pull and Bear,Magasin physique,R√©guli√®rement(une √† plusieurs fois par mois),Design tendance et articles √† la mode,,,,1 euro,Non,2600L,Non,Oui,4,4,5,4,4,5,5,5,5,4,3,3,5
23/02/2023 18:19:54,,,Femme,18 - 24 ans,Etudiant,Aucunes,Vente priv√©e en ligne,Rarement( une √† deux fois par an),Facilement disponible,,,,18 Centimes,Oui,7600L,Oui,Oui,4,4,3,4,4,4,4,4,4,4,4,4,4
23/02/2023 18:23:55,,,Femme,18 - 24 ans,Etudiant,H&M,Magasin physique,Rarement( une √† deux fois par an),Ce que j'appr√©cie ,,,,18 Centimes,Non,7600L,Oui,Oui,2,4,5,2,2,3,5,5,5,5,2,3,3
23/02/2023 18:54:21,,,Femme,25 - 35 ans,Etudiant,ZARA,Magasin physique,Rarement( une √† deux fois par an),Prix abordables et accessibles,,,,1 euro,Oui,1000 L,Oui,Oui,2,3,5,3,5,4,3,5,5,5,5,5,5
23/02/2023 18:55:06,,,Femme,18 - 24 ans,√âtudiant et salari√© ,Primark ,En ligne site divers,R√©guli√®rement(une √† plusieurs fois par mois),Prix abordables et accessibles,,,,18 Centimes,J'en ai rien √† faireüíÄ,3000L,Oui,Non,2,2,4,1,1,2,3,1,1,3,1,1,1
23/02/2023 19:11:00,,,Homme,35 - 50 ans,Salari√©,Bershka,Vente priv√©e en ligne,R√©guli√®rement(une √† plusieurs fois par mois),Prix abordables et accessibles,,,,3 euros,J'en ai rien √† faireüíÄ,3000L,Non,Oui,4,4,4,4,4,4,4,4,4,4,4,4,4
23/02/2023 19:12:05,,,Femme,18 - 24 ans,Etudiant,ZARA,Magasin physique,R√©guli√®rement(une √† plusieurs fois par mois),Design tendance et articles √† la mode,,,,18 Centimes,Oui,3000L,Oui,Oui,3,5,5,5,4,5,3,2,5,3,1,4,5
23/02/2023 19:19:32,,,Homme,18 - 24 ans,Etudiant,Pull and Bear,Magasin physique,R√©guli√®rement(une √† plusieurs fois par mois),Design tendance et articles √† la mode,,,,18 Centimes,Non,3000L,Non,Oui,3,4,3,5,3,3,5,5,5,3,2,4,4
23/02/2023 19:22:44,,,Femme,18 - 24 ans,Etudiant,ZARA,Vinted,Rarement( une √† deux fois par an),Vari√©t√© de styles et de couleurs,,,,18 Centimes,Oui,5000L,Oui,Oui,2,5,3,2,5,5,3,4,5,5,4,1,5
23/02/2023 19:23:40,,,Homme,18 - 24 ans,Etudiant,Pull and Bear,Magasin physique,R√©guli√®rement(une √† plusieurs fois par mois),Prix abordables et accessibles,,,,3 euros,Non,5000L,Oui,Oui,4,2,5,5,3,5,3,5,4,2,1,5,4
23/02/2023 19:24:33,,,Femme,18 - 24 ans,Etudiant,ZARA,Magasin physique,R√©guli√®rement(une √† plusieurs fois par mois),Vari√©t√© de styles et de couleurs,,,,18 Centimes,Oui,5000L,Non,Oui,3,4,5,2,2,4,5,5,5,4,5,2,4
23/02/2023 19:26:40,,,Femme,18 - 24 ans,Etudiant,H&M,Magasin physique,R√©guli√®rement(une √† plusieurs fois par mois),Design tendance et articles √† la mode,,,,5 euros,Non,5000L,Oui,Oui,3,5,5,5,3,5,5,5,5,4,3,4,5
23/02/2023 20:03:44,,,Femme,18 - 24 ans,Etudiant,ZARA,Magasin physique,R√©guli√®rement(une √† plusieurs fois par mois),Prix abordables et accessibles,,,,3 euros,Oui,7600L,Non,Oui,,,,,,,,,,,,,
23/02/2023 20:15:10,,,Homme,18 - 24 ans,Etudiant,ZARA,Magasin physique,Rarement( une √† deux fois par an),Prix abordables et accessibles,,,,1 euro,Oui,1000 L,Non,Oui,3,4,4,3,4,4,5,3,3,2,1,1,4
23/02/2023 20:22:08,,,Femme,18 - 24 ans,Salari√©,ZARA,Magasin physique,R√©guli√®rement(une √† plusieurs fois par mois),Prix abordables et accessibles,,,,18 Centimes,Non,3000L,Non,Oui,3,3,5,4,3,5,5,5,5,4,1,5,5
23/02/2023 20:36:46,,,Femme,25 - 35 ans,Etudiant,ZARA,Magasin physique,R√©guli√®rement(une √† plusieurs fois par mois),Prix abordables et accessibles,,,,3 euros,Oui,5000L,Oui,Oui,3,5,5,5,4,5,5,5,5,5,5,3,5
23/02/2023 20:36:53,,,Homme,18 - 24 ans,Etudiant,PRIMARK,Magasin physique,R√©guli√®rement(une √† plusieurs fois par mois),Prix abordables et accessibles,,,,5 euros,Non,1000 L,Non,Oui,3,4,5,3,3,4,3,5,5,5,5,5,5
23/02/2023 20:41:57,,,Femme,18 - 24 ans,Etudiant,SHEIN,En ligne site divers,R√©guli√®rement(une √† plusieurs fois par mois),Prix abordables et accessibles,,,,3 euros,Non,5000L,Non,Oui,3,4,3,3,3,3,3,4,4,3,3,3,3
23/02/2023 20:44:25,,,Femme,18 - 24 ans,Etudiant,H&M,En ligne site divers,R√©guli√®rement(une √† plusieurs fois par mois),Vari√©t√© de styles et de couleurs,,,,18 Centimes,Oui,3000L,Non,Oui,4,5,3,5,4,5,5,5,5,4,4,4,2
23/02/2023 20:49:00,,,Femme,Moins de 18 ans,Etudiant,Pull and Bear,En ligne site divers,Fr√©quemment(une √† plusieurs fois par semaine)ü§ê,Prix abordables et accessibles,,,,1 euro,Oui,2600L,Non,Oui,4,3,3,3,4,4,3,4,3,3,2,2,2
23/02/2023 20:55:03,,,Homme,25 - 35 ans,Etudiant,H&M,Magasin physique,Rarement( une √† deux fois par an),Je vais dans le magasin et je choisis ce qui me plait tout les 6 mois environ,,,,3 euros,Oui,3000L,Oui,Oui,1,4,5,4,1,3,2,3,4,4,1,5,5
23/02/2023 20:56:27,,,Femme,18 - 24 ans,Etudiant,SHEIN,En ligne site divers,R√©guli√®rement(une √† plusieurs fois par mois),Prix abordables et accessibles,,,,18 Centimes,Non,7600L,Non,Oui,3,3,3,4,4,3,3,4,3,4,4,4,4
23/02/2023 21:05:53,,,Femme,25 - 35 ans,Salari√©,SHEIN,En ligne site divers,R√©guli√®rement(une √† plusieurs fois par mois),Prix abordables et accessibles,,,,3 euros,Non,3000L,Non,Oui,5,5,5,5,4,5,3,5,5,3,3,3,5
23/02/2023 21:28:06,,,Homme,18 - 24 ans,Etudiant,Je n'en ai pas ,Vinted,Rarement( une √† deux fois par an),Prix abordables et accessibles,,,,1 euro,Non,2600L,Non,Oui,4,1,1,1,2,1,1,1,1,1,2,2,1
23/02/2023 21:29:49,,,Homme,25 - 35 ans,Salari√©,Pull and Bear,Vente priv√©e en ligne,Fr√©quemment(une √† plusieurs fois par semaine)ü§ê,Prix abordables et accessibles,,,,3 euros,Non,3000L,Non,Oui,4,3,3,4,5,5,3,4,4,4,3,3,3
23/02/2023 21:31:10,,,Femme,35 - 50 ans,Au ch√¥mage!  Ce n'est pas graveü§ó,Bershka,Vinted,R√©guli√®rement(une √† plusieurs fois par mois),Prix abordables et accessibles,,,,3 euros,Oui,5000L,Oui,Oui,3,4,4,3,3,3,4,4,5,5,5,4,4
23/02/2023 21:37:37,,,Femme,35 - 50 ans,Salari√©,ZARA,Magasin physique,R√©guli√®rement(une √† plusieurs fois par mois),Vari√©t√© de styles et de couleurs,,,,3 euros,Non,7600L,Non,Oui,4,3,4,5,4,4,4,3,4,3,4,4,4
23/02/2023 21:49:53,,,Femme,18 - 24 ans,Etudiant,ZARA,En ligne site divers,Fr√©quemment(une √† plusieurs fois par semaine)ü§ê,Prix abordables et accessibles,,,,5 euros,Oui,2600L,Non,Oui,3,4,4,4,3,3,2,2,3,2,3,3,3
23/02/2023 21:50:19,,,Femme,18 - 24 ans,Au ch√¥mage!  Ce n'est pas graveü§ó,Mango,En ligne site divers,R√©guli√®rement(une √† plusieurs fois par mois),Design tendance et articles √† la mode,,,,1 euro,Non,7600L,Oui,Oui,4,5,4,5,5,4,4,2,2,2,1,1,3
23/02/2023 22:14:28,,,Homme,18 - 24 ans,Etudiant,H&M,En ligne site divers,Rarement( une √† deux fois par an),Design tendance et articles √† la mode,,,,18 Centimes,J'en ai rien √† faireüíÄ,3000L,Oui,Non,1,2,4,2,2,2,5,5,5,2,2,4,5
23/02/2023 23:26:17,,,Femme,25 - 35 ans,Salari√©,Lacoste ,Magasin physique,R√©guli√®rement(une √† plusieurs fois par mois),Vari√©t√© de styles et de couleurs,,,,3 euros,Non,7600L,Oui,Oui,1,4,3,5,3,5,5,5,5,4,3,3,5
24/02/2023 00:35:06,,,Homme,35 - 50 ans,Au ch√¥mage!  Ce n'est pas graveü§ó,Topshop,Magasin physique,Rarement( une √† deux fois par an),Facilement disponible,,,,18 Centimes,Non,7600L,Non,Oui,4,4,4,4,4,5,5,4,5,3,4,4,4
24/02/2023 00:36:50,,,Homme,Plus de 50 ans,Salari√©,Bershka,En ligne site divers,R√©guli√®rement(une √† plusieurs fois par mois),Design tendance et articles √† la mode,,,,3 euros,Non,3000L,Non,Oui,4,4,5,5,5,5,5,5,5,5,5,5,5
24/02/2023 00:38:02,,,Homme,25 - 35 ans,Au ch√¥mage!  Ce n'est pas graveü§ó,Pull and Bear,Magasin physique,R√©guli√®rement(une √† plusieurs fois par mois),Design tendance et articles √† la mode,,,,1 euro,Non,2600L,Non,Oui,4,4,5,5,4,5,4,5,4,5,5,5,5
24/02/2023 00:39:16,,,Femme,18 - 24 ans,Etudiant,H&M,Vente priv√©e en ligne,R√©guli√®rement(une √† plusieurs fois par mois),Facilement disponible,,,,3 euros,Non,5000L,Oui,Oui,3,4,5,4,5,4,5,5,5,5,5,5,5
24/02/2023 00:40:30,,,Femme,Moins de 18 ans,Etudiant,SHEIN,Magasin physique,R√©guli√®rement(une √† plusieurs fois par mois),Vari√©t√© de styles et de couleurs,,,,1 euro,Non,7600L,Non,Oui,3,4,5,5,4,5,5,4,4,4,4,5,5
24/02/2023 00:41:59,,,Femme,35 - 50 ans,Au ch√¥mage!  Ce n'est pas graveü§ó,H&M,Magasin physique,Rarement( une √† deux fois par an),Prix abordables et accessibles,,,,3 euros,Non,7600L,√ßa ne me concerne pasüíÄ,Oui,4,5,5,5,5,4,5,4,3,4,4,4,4
24/02/2023 00:43:08,,,Homme,25 - 35 ans,Au ch√¥mage!  Ce n'est pas graveü§ó,Topshop,Vinted,R√©guli√®rement(une √† plusieurs fois par mois),Vari√©t√© de styles et de couleurs,,,,1 euro,Non,2600L,Non,Oui,4,4,4,4,5,5,4,3,4,5,5,5,4
24/02/2023 00:44:29,,,Femme,35 - 50 ans,Au ch√¥mage!  Ce n'est pas graveü§ó,Mango,Magasin physique,Rarement( une √† deux fois par an),Design tendance et articles √† la mode,,,,3 euros,Non,5000L,Non,Oui,5,5,5,5,5,5,5,5,5,5,5,5,5
24/02/2023 00:46:00,,,Femme,18 - 24 ans,Etudiant,Jennyfer,En ligne site divers,Fr√©quemment(une √† plusieurs fois par semaine)ü§ê,Design tendance et articles √† la mode,,,,1 euro,Non,2600L,Non,Oui,4,4,4,4,4,4,4,4,4,4,4,4,4
24/02/2023 00:47:26,,,Femme,Moins de 18 ans,Etudiant,H&M,Magasin physique,Fr√©quemment(une √† plusieurs fois par semaine)ü§ê,Design tendance et articles √† la mode,,,,18 Centimes,Non,5000L,Non,Oui,5,5,5,5,5,4,4,4,4,4,5,5,4
24/02/2023 00:48:38,,,Homme,Moins de 18 ans,Etudiant,Topshop,Vinted,R√©guli√®rement(une √† plusieurs fois par mois),Facilement disponible,,,,5 euros,Non,3000L,Non,Oui,4,5,5,5,4,4,5,5,5,4,5,5,5
24/02/2023 01:44:36,,,Femme,18 - 24 ans,Etudiant,Pull and Bear,Magasin physique,R√©guli√®rement(une √† plusieurs fois par mois),Prix abordables et accessibles,,,,1 euro,Non,2600L,Oui,Oui,1,4,5,3,3,5,5,5,5,3,4,5,5
24/02/2023 07:04:56,,,Femme,25 - 35 ans,Salari√©,ZARA,En ligne site divers,R√©guli√®rement(une √† plusieurs fois par mois),Design tendance et articles √† la mode,,,,3 euros,Non,2600L,Non,Oui,4,4,5,5,4,5,4,5,5,5,5,3,4
24/02/2023 07:07:22,,,Femme,18 - 24 ans,Etudiant,SHEIN,En ligne site divers,R√©guli√®rement(une √† plusieurs fois par mois),Prix abordables et accessibles,,,,1 euro,Non,5000L,Non,Oui,3,5,3,5,5,4,5,5,5,4,4,4,5
24/02/2023 07:09:18,,,Homme,25 - 35 ans,Etudiant,Pull and Bear,Vinted,R√©guli√®rement(une √† plusieurs fois par mois),Vari√©t√© de styles et de couleurs,,,,3 euros,Non,2600L,Non,Oui,4,3,5,3,4,5,5,5,4,3,5,4,5
24/02/2023 07:10:50,,,Femme,25 - 35 ans,Salari√©,Jennyfer,Magasin physique,Fr√©quemment(une √† plusieurs fois par semaine)ü§ê,Prix abordables et accessibles,,,,3 euros,Non,3000L,Non,Oui,3,4,5,5,4,5,5,4,4,5,5,5,5
24/02/2023 08:01:13,,,Femme,25 - 35 ans,Salari√©,ZARA,Magasin physique,Fr√©quemment(une √† plusieurs fois par semaine)ü§ê,Design tendance et articles √† la mode,,,,1 euro,Oui,3000L,Oui,Oui,5,4,4,4,4,4,4,4,4,4,3,3,4
24/02/2023 08:11:19,,,Femme,18 - 24 ans,Etudiant,Bershka,Magasin physique,Fr√©quemment(une √† plusieurs fois par semaine)ü§ê,Prix abordables et accessibles,,,,3 euros,Non,2600L,Non,Oui,4,5,3,5,5,5,5,5,4,4,5,5,5
24/02/2023 08:12:43,,,Homme,18 - 24 ans,Etudiant,ZARA,Magasin physique,R√©guli√®rement(une √† plusieurs fois par mois),Prix abordables et accessibles,,,,3 euros,,3000L,Non,Oui,4,5,4,5,4,5,4,5,5,4,5,4,4
24/02/2023 08:14:19,,,Femme,18 - 24 ans,Etudiant,SHEIN,En ligne site divers,R√©guli√®rement(une √† plusieurs fois par mois),Prix abordables et accessibles,,,,5 euros,Non,7600L,Non,Oui,4,4,4,4,4,4,3,4,5,5,5,5,5
24/02/2023 08:16:03,,,Homme,25 - 35 ans,Salari√©,Pull and Bear,Magasin physique,Rarement( une √† deux fois par an),Prix abordables et accessibles,,,,3 euros,Non,3000L,Non,Oui,4,5,4,4,4,5,5,4,5,4,4,5,4
24/02/2023 08:17:24,,,Femme,25 - 35 ans,Etudiant,ZARA,Magasin physique,Fr√©quemment(une √† plusieurs fois par semaine)ü§ê,Design tendance et articles √† la mode,,,,5 euros,Non,5000L,Non,Oui,4,3,4,4,5,5,4,5,5,5,5,5,5
24/02/2023 08:18:56,,,Femme,18 - 24 ans,Etudiant,Jennyfer,Magasin physique,R√©guli√®rement(une √† plusieurs fois par mois),Prix abordables et accessibles,,,,1 euro,Non,2600L,Non,Oui,4,5,4,5,4,5,4,5,4,5,4,5,4
24/02/2023 08:20:30,,,Homme,35 - 50 ans,Au ch√¥mage!  Ce n'est pas graveü§ó,SHEIN,En ligne site divers,Rarement( une √† deux fois par an),Prix abordables et accessibles,,,,1 euro,Non,2600L,Non,Oui,4,5,4,5,4,5,4,5,4,5,4,4,5
24/02/2023 08:21:53,,,Femme,35 - 50 ans,Salari√©,H&M,En ligne site divers,R√©guli√®rement(une √† plusieurs fois par mois),Vari√©t√© de styles et de couleurs,,,,3 euros,Non,1000 L,Non,Oui,5,5,5,4,5,4,4,4,5,5,4,5,4
24/02/2023 08:30:12,,,Homme,18 - 24 ans,Etudiant,H&M,Magasin physique,R√©guli√®rement(une √† plusieurs fois par mois),Prix abordables et accessibles,,,,1 euro,Non,5000L,Non,Oui,4,5,4,5,4,4,4,4,4,4,4,3,4
24/02/2023 08:31:28,,,Femme,18 - 24 ans,Etudiant,H&M,Magasin physique,R√©guli√®rement(une √† plusieurs fois par mois),Design tendance et articles √† la mode,,,,1 euro,Non,7600L,Non,Oui,4,4,4,4,4,3,3,3,4,4,4,5,5
24/02/2023 08:42:33,,,Femme,18 - 24 ans,√âtudiant - salari√© - auto-entrepreneur ,Aucune,Vinted,Rarement( une √† deux fois par an),Prix abordables et accessibles,,,,1 euro,Oui,3000L,Oui,Oui,5,5,4,5,3,3,5,5,4,5,5,3,3
24/02/2023 08:44:09,,,Homme,25 - 35 ans,Etudiant,ZARA,Magasin physique,R√©guli√®rement(une √† plusieurs fois par mois),Vari√©t√© de styles et de couleurs,,,,18 Centimes,Non,7600L,Non,Non,4,4,4,5,4,5,5,5,5,1,2,5,4
24/02/2023 08:56:15,,,Femme,18 - 24 ans,Etudiant,Pull and Bear,Magasin physique,R√©guli√®rement(une √† plusieurs fois par mois),Prix abordables et accessibles,,,,18 Centimes,Oui,1000 L,Non,Oui,,,,,,,,,,,,,
24/02/2023 09:10:39,,,Homme,18 - 24 ans,Etudiant,Nike ,Vinted,Rarement( une √† deux fois par an),Prix abordables et accessibles,,,,3 euros,Non,5000L,Non,Oui,1,1,1,1,1,5,5,5,5,5,3,5,5
24/02/2023 09:16:30,,,Femme,25 - 35 ans,Salari√©,ZARA,Magasin physique,R√©guli√®rement(une √† plusieurs fois par mois),Prix abordables et accessibles,,,,18 Centimes,Non,7600L,Non,Oui,5,4,5,4,4,5,4,5,4,5,5,4,5
24/02/2023 09:21:24,,,Femme,18 - 24 ans,Etudiant,Je n'ai pas de marque de v√™tement pr√©f√©r√©e.,En ligne site divers,Rarement( une √† deux fois par an),Facilement disponible,,,,18 Centimes,Oui,2600L,Oui,Oui,4,5,5,2,2,5,3,4,2,5,2,1,4
24/02/2023 09:30:42,,,Femme,18 - 24 ans,Etudiant,H&M,Magasin physique,R√©guli√®rement(une √† plusieurs fois par mois),Prix abordables et accessibles,,,,3 euros,Non,3000L,Oui,Oui,3,2,3,3,3,2,2,3,3,3,3,3,3
24/02/2023 09:39:37,,,Femme,18 - 24 ans,Etudiant,& other stories ,Vinted,R√©guli√®rement(une √† plusieurs fois par mois),Design tendance et articles √† la mode,,,,18 Centimes,Oui,7600L,Oui,Oui,3,5,5,5,5,5,5,5,5,5,4,5,5
24/02/2023 09:48:19,,,Femme,18 - 24 ans,Alternante,ZARA,Magasin physique,R√©guli√®rement(une √† plusieurs fois par mois),Design tendance et articles √† la mode,,,,1 euro,Non,7600L,Oui,Oui,3,4,4,4,2,3,4,5,4,4,3,3,4
24/02/2023 10:18:52,,,Femme,18 - 24 ans,Etudiant,SHEIN,En ligne site divers,R√©guli√®rement(une √† plusieurs fois par mois),Prix abordables et accessibles,,,,1 euro,Non,3000L,Non,Oui,5,5,5,5,5,5,5,5,5,5,5,5,5
24/02/2023 10:20:04,,,Femme,25 - 35 ans,Etudiant,SHEIN,En ligne site divers,Fr√©quemment(une √† plusieurs fois par semaine)ü§ê,Prix abordables et accessibles,,,,1 euro,Non,2600L,Non,Oui,4,5,5,4,5,5,5,4,4,5,4,4,4
24/02/2023 10:24:26,,,Femme,35 - 50 ans,Salari√©,ZARA,Magasin physique,R√©guli√®rement(une √† plusieurs fois par mois),Design tendance et articles √† la mode,,,,1 euro,Non,7600L,Non,Oui,4,3,5,4,5,4,4,5,4,5,4,5,4
24/02/2023 10:35:26,,,Femme,18 - 24 ans,Etudiant,Mango,En ligne site divers,Rarement( une √† deux fois par an),Design tendance et articles √† la mode,,,,18 Centimes,Oui,7600L,Oui,Oui,2,5,3,4,3,5,3,4,4,5,4,3,4
24/02/2023 10:40:14,,,Femme,18 - 24 ans,Alternante,Pull and Bear,Magasin physique,Rarement( une √† deux fois par an),Facilement disponible,,,,1 euro,Oui,1000 L,Non,Oui,3,5,4,2,5,5,5,5,5,5,3,3,4
24/02/2023 10:41:10,,,Homme,18 - 24 ans,Etudiant,H&M,Magasin physique,Rarement( une √† deux fois par an),Prix abordables et accessibles,,,,18 Centimes,Non,7600L,Non,Oui,4,4,5,4,2,4,4,4,5,5,4,3,4
24/02/2023 10:47:49,,,Femme,25 - 35 ans,Etudiant,H&M,En ligne site divers,Fr√©quemment(une √† plusieurs fois par semaine)ü§ê,Prix abordables et accessibles,,,,3 euros,Oui,1000 L,Non,Oui,4,4,4,4,4,4,4,4,4,3,4,4,4
24/02/2023 10:52:40,,,Femme,25 - 35 ans,Etudiant,aucune,Vinted,Rarement( une √† deux fois par an),non concern√©e,,,,1 euro,Oui,5000L,Oui,Oui,4,4,4,4,4,4,5,5,5,5,5,5,4
24/02/2023 10:55:05,,,Femme,25 - 35 ans,Etudiant,ZARA,En ligne site divers,Fr√©quemment(une √† plusieurs fois par semaine)ü§ê,Prix abordables et accessibles,,,,5 euros,Non,2600L,Non,Oui,4,5,4,5,4,5,4,4,5,5,5,5,5
24/02/2023 11:07:13,,,Femme,18 - 24 ans,Etudiant,J'ach√®te pas les marques de base mais Pimkie et H&M,Magasin physique,Rarement( une √† deux fois par an),"Comfort personal et le style qui me convient chaque ann√©e,",,,,5 euros,Oui,7600L,Oui,Oui,1,5,5,5,3,3,5,5,5,5,5,3,5
24/02/2023 11:09:52,,,Femme,18 - 24 ans,Etudiant,SHEIN,Magasin physique,Rarement( une √† deux fois par an),Prix abordables et accessibles,,,,18 Centimes,Oui,7600L,Oui,Oui,5,4,4,4,5,5,5,5,5,5,2,3,5
24/02/2023 12:14:28,,,Femme,25 - 35 ans,Etudiant,ZARA,Magasin physique,R√©guli√®rement(une √† plusieurs fois par mois),Prix abordables et accessibles,,,,5 euros,Non,2600L,Oui,Oui,3,5,4,4,4,4,4,4,4,3,3,3,3
24/02/2023 14:35:47,,,Femme,18 - 24 ans,Etudiant,H&M,Vinted,R√©guli√®rement(une √† plusieurs fois par mois),Design tendance et articles √† la mode,,,,1 euro,Non,5000L,Non,Oui,2,5,3,5,3,4,5,5,5,3,2,2,5
24/02/2023 16:31:10,,,Femme,18 - 24 ans,Etudiant,Pretty Little Things,En ligne site divers,R√©guli√®rement(une √† plusieurs fois par mois),Prix abordables et accessibles,,,,1 euro,Non,3000L,Non,Oui,4,3,4,4,4,4,4,4,4,4,4,4,4
24/02/2023 18:15:35,,,Femme,18 - 24 ans,Salari√©,PrettyLittleThing,En ligne site divers,R√©guli√®rement(une √† plusieurs fois par mois),Design tendance et articles √† la mode,,,,18 Centimes,Non,3000L,Oui,Oui,1,1,5,3,4,5,2,5,5,3,2,4,5
25/02/2023 08:21:39,,,Homme,18 - 24 ans,Etudiant,Bershka,Vente priv√©e en ligne,Rarement( une √† deux fois par an),Design tendance et articles √† la mode,,,,1 euro,Oui,5000L,Oui,Oui,3,4,4,2,4,3,5,5,5,5,2,5,4
25/02/2023 10:34:34,,,Homme,25 - 35 ans,Etudiant,ZARA,Magasin physique,Rarement( une √† deux fois par an),Prix abordables et accessibles,,,,18 Centimes,Oui,1000 L,Oui,Non,5,4,5,5,5,5,5,5,5,5,5,1,5
25/02/2023 11:23:15,,,Femme,18 - 24 ans,Etudiant,ZARA,Magasin physique,R√©guli√®rement(une √† plusieurs fois par mois),Design tendance et articles √† la mode,,,,1 euro,Oui,5000L,Non,Oui,3,4,4,4,4,4,5,5,5,5,5,5,5
25/02/2023 11:34:48,,,Femme,25 - 35 ans,Etudiant,aucune de mani√®re sp√©cifique ,Magasin physique,Rarement( une √† deux fois par an),Prix abordables et accessibles,,,,5 euros,Oui,3000L,Oui,Oui,2,3,4,4,3,3,5,5,5,5,5,5,5
25/02/2023 15:24:44,,,Femme,35 - 50 ans,Etudiant,Aucune,Vinted,Rarement( une √† deux fois par an),Aucune ,,,,18 Centimes,Oui,7600L,Oui,Oui,1,4,4,4,5,5,5,5,5,5,5,5,5
25/02/2023 17:05:59,,,Femme,18 - 24 ans,Etudiant,C&A,Magasin physique,R√©guli√®rement(une √† plusieurs fois par mois),Prix abordables et accessibles,,,,18 Centimes,Oui,5000L,Oui,Oui,3,4,3,4,4,4,3,3,4,4,3,2,3
26/02/2023 07:54:28,,,Homme,25 - 35 ans,Etudiant,H&M,En ligne site divers,Rarement( une √† deux fois par an),Prix abordables et accessibles,,,,5 euros,Non,3000L,Oui,Oui,2,2,2,2,2,5,5,5,3,3,3,1,4
26/02/2023 12:37:51,,,Homme,18 - 24 ans,Etudiant,Pull and Bear,Vinted,Rarement( une √† deux fois par an),Design tendance et articles √† la mode,,,,18 Centimes,Oui,1000 L,Oui,Oui,4,4,4,4,4,4,5,5,5,5,5,5,5
27/02/2023 02:35:02,,,Femme,18 - 24 ans,Etudiant,SHEIN,Vente priv√©e en ligne,Rarement( une √† deux fois par an),Prix abordables et accessibles,,,,18 Centimes,Non,7600L,Non,Oui,3,4,3,,2,3,3,4,4,4,4,2,3
27/02/2023 09:15:55,,,Femme,18 - 24 ans,Etudiant,aucune,Vinted,Rarement( une √† deux fois par an),Prix abordables et accessibles,,,,18 Centimes,Oui,5000L,Oui,Oui,2,2,4,2,3,5,5,5,5,5,4,4,4
27/02/2023 09:27:24,,,Homme,18 - 24 ans,Etudiant,Primark,Magasin physique,R√©guli√®rement(une √† plusieurs fois par mois),Vari√©t√© de styles et de couleurs,,,,5 euros,Oui,2600L,Oui,Non,3,3,2,3,3,3,3,3,4,3,3,2,3
27/02/2023 09:30:51,,,Femme,25 - 35 ans,Etudiant,Mango,Magasin physique,R√©guli√®rement(une √† plusieurs fois par mois),Prix abordables et accessibles,,,,1 euro,Non,1000 L,Non,Oui,3,3,3,3,3,3,4,4,4,4,3,2,3
27/02/2023 11:25:49,,,Femme,25 - 35 ans,Etudiant,ZARA,Magasin physique,R√©guli√®rement(une √† plusieurs fois par mois),J'aime bien les vetements.,,,,18 Centimes,Oui,2600L,Oui,Oui,5,5,5,5,5,5,5,5,5,5,5,5,3
28/02/2023 09:26:32,,,Femme,18 - 24 ans,Etudiant,Topshop,Vinted,R√©guli√®rement(une √† plusieurs fois par mois),Vari√©t√© de styles et de couleurs,,,,18 Centimes,Oui,5000L,Non,Oui,1,4,5,2,2,,5,5,5,5,5,3,5
28/02/2023 14:43:09,,,Femme,25 - 35 ans,Etudiant,SHEIN,En ligne site divers,R√©guli√®rement(une √† plusieurs fois par mois),Prix abordables et accessibles,,,,1 euro,Non,5000L,Non,Oui,5,4,4,5,5,5,5,5,5,5,5,5,5
28/02/2023 16:32:27,,,Femme,18 - 24 ans,Etudiant,H&M,Magasin physique,R√©guli√®rement(une √† plusieurs fois par mois),Design tendance et articles √† la mode,,,,3 euros,Non,2600L,Non,Oui,4,5,5,5,5,5,5,5,5,5,5,5,5
28/02/2023 16:42:56,,,Femme,18 - 24 ans,Etudiant,Bershka,Magasin physique,R√©guli√®rement(une √† plusieurs fois par mois),Prix abordables et accessibles,,,,5 euros,Non,1000 L,Non,Oui,5,4,4,5,5,5,5,5,5,4,4,5,5
28/02/2023 16:44:50,,,Homme,25 - 35 ans,Au ch√¥mage!  Ce n'est pas graveü§ó,Bershka,Vente priv√©e en ligne,Fr√©quemment(une √† plusieurs fois par semaine)ü§ê,Facilement disponible,,,,5 euros,Non,2600L,Non,Oui,5,5,5,5,5,5,5,5,5,5,5,5,5
28/02/2023 16:47:00,,,Homme,Moins de 18 ans,Salari√©,Topshop,Magasin physique,Fr√©quemment(une √† plusieurs fois par semaine)ü§ê,Design tendance et articles √† la mode,,,,5 euros,Non,3000L,Non,Oui,5,5,5,5,5,5,5,5,5,5,5,5,5
28/02/2023 16:48:34,,,Femme,35 - 50 ans,Salari√©,ZARA,En ligne site divers,Fr√©quemment(une √† plusieurs fois par semaine)ü§ê,Vari√©t√© de styles et de couleurs,,,,5 euros,Non,2600L,Non,Oui,5,5,4,4,3,4,4,4,4,4,4,4,5
28/02/2023 16:51:15,,,Femme,25 - 35 ans,Etudiant,ZARA,Magasin physique,R√©guli√®rement(une √† plusieurs fois par mois),Prix abordables et accessibles,,,,5 euros,Non,5000L,Non,Oui,5,5,5,4,4,5,5,5,5,5,5,5,5
28/02/2023 20:09:30,,,Femme,18 - 24 ans,Etudiant,Bershka,Vente priv√©e en ligne,R√©guli√®rement(une √† plusieurs fois par mois),Facilement disponible,,,,3 euros,Non,2600L,Non,Oui,5,5,5,5,5,5,5,5,5,5,5,5,5
28/02/2023 20:11:16,,,Femme,25 - 35 ans,Salari√©,Topshop,Magasin physique,R√©guli√®rement(une √† plusieurs fois par mois),Design tendance et articles √† la mode,,,,5 euros,Oui,2600L,Non,Oui,5,5,4,5,4,5,3,5,5,3,5,3,
28/02/2023 20:15:41,,,Homme,18 - 24 ans,Etudiant,H&M,Vente priv√©e en ligne,R√©guli√®rement(une √† plusieurs fois par mois),Design tendance et articles √† la mode,,,,3 euros,Non,2600L,Non,Oui,5,4,4,5,4,5,4,5,4,5,5,4,5
28/02/2023 20:17:44,,,Homme,25 - 35 ans,Au ch√¥mage!  Ce n'est pas graveü§ó,Jennyfer,Magasin physique,Fr√©quemment(une √† plusieurs fois par semaine)ü§ê,Design tendance et articles √† la mode,,,,3 euros,Non,7600L,Non,Oui,3,4,4,4,5,4,4,5,5,5,5,5,5
28/02/2023 20:19:12,,,Femme,25 - 35 ans,Salari√©,Bershka,Magasin physique,R√©guli√®rement(une √† plusieurs fois par mois),Facilement disponible,,,,5 euros,Non,3000L,Non,Oui,5,4,5,4,5,4,5,4,5,4,5,4,5
28/02/2023 20:20:09,,,Homme,25 - 35 ans,Salari√©,H&M,En ligne site divers,R√©guli√®rement(une √† plusieurs fois par mois),Vari√©t√© de styles et de couleurs,,,,3 euros,Non,5000L,Non,Oui,5,4,5,4,5,4,5,4,5,4,5,4,5
01/03/2023 10:34:37,,,Femme,25 - 35 ans,en alternance donc les 2,SHEIN,En ligne site divers,R√©guli√®rement(une √† plusieurs fois par mois),Prix abordables et accessibles,,,,18 Centimes,Oui,1000 L,Oui,Oui,2,5,5,2,3,5,5,5,5,5,3,5,3
06/03/2023 09:44:49,,,Femme,18 - 24 ans,alternant,Stradivarius,Magasin physique,R√©guli√®rement(une √† plusieurs fois par mois),Prix abordables et accessibles,,,,18 Centimes,Oui,5000L,Oui,Oui,4,5,5,4,4,5,5,5,5,5,5,5,5
06/03/2023 14:40:13,,,Homme,Moins de 18 ans,Au ch√¥mage!  Ce n'est pas graveü§ó,Bershka,Vente priv√©e en ligne,Rarement( une √† deux fois par an),Facilement disponible,,,,3 euros,Non,2600L,Non,Oui,4,5,4,5,4,5,5,4,4,5,5,4,5
06/03/2023 14:46:51,,,Femme,25 - 35 ans,Etudiant,H&M,Magasin physique,R√©guli√®rement(une √† plusieurs fois par mois),Prix abordables et accessibles,,,,3 euros,Non,2600L,Non,Oui,5,5,5,5,5,5,5,5,5,5,5,5,5
06/03/2023 14:52:02,,,Homme,25 - 35 ans,Salari√©,H&M,En ligne site divers,R√©guli√®rement(une √† plusieurs fois par mois),Prix abordables et accessibles,,,,1 euro,Non,7600L,Non,Oui,5,5,5,5,5,5,5,5,5,5,5,5,5
06/03/2023 14:54:01,,,Femme,25 - 35 ans,Au ch√¥mage!  Ce n'est pas graveü§ó,ZARA,Magasin physique,R√©guli√®rement(une √† plusieurs fois par mois),Design tendance et articles √† la mode,,,,5 euros,Non,2600L,Non,Oui,5,5,5,5,5,5,5,5,5,5,5,5,5
06/03/2023 14:56:17,,,Femme,Moins de 18 ans,Etudiant,Jennyfer,Vente priv√©e en ligne,R√©guli√®rement(une √† plusieurs fois par mois),Prix abordables et accessibles,,,,1 euro,Non,2600L,Non,Oui,5,5,5,5,5,5,5,5,5,5,5,5,5
06/03/2023 15:37:41,,,Femme,18 - 24 ans,Au ch√¥mage!  Ce n'est pas graveü§ó,Bershka,Magasin physique,Fr√©quemment(une √† plusieurs fois par semaine)ü§ê,Prix abordables et accessibles,,,,3 euros,Non,5000L,Non,Oui,5,5,5,5,5,5,5,5,5,5,5,5,5
06/03/2023 15:40:17,,,Femme,35 - 50 ans,Salari√©,ZARA,En ligne site divers,R√©guli√®rement(une √† plusieurs fois par mois),Vari√©t√© de styles et de couleurs,,,,1 euro,Non,7600L,Non,Oui,5,5,5,5,5,5,5,5,5,5,5,5,5
06/03/2023 15:42:31,,,Femme,25 - 35 ans,Etudiant,H&M,Magasin physique,R√©guli√®rement(une √† plusieurs fois par mois),Design tendance et articles √† la mode,,,,5 euros,Non,3000L,Non,Oui,5,5,5,5,5,5,5,5,5,5,5,5,5
06/03/2023 15:44:42,,,Femme,18 - 24 ans,Etudiant,SHEIN,En ligne site divers,R√©guli√®rement(une √† plusieurs fois par mois),Prix abordables et accessibles,,,,18 Centimes,Non,3000L,Non,Oui,5,5,5,5,5,5,5,5,5,5,5,5,5
10/03/2023 21:32:28,,,Femme,25 - 35 ans,Salari√©,Bershka,Vente priv√©e en ligne,R√©guli√®rement(une √† plusieurs fois par mois),Design tendance et articles √† la mode,,,,1 euro,Non,3000L,Non,Non,5,5,5,5,5,5,5,5,5,5,5,5,5
10/03/2023 21:33:25,,,Femme,35 - 50 ans,Au ch√¥mage!  Ce n'est pas graveü§ó,SHEIN,Vente priv√©e en ligne,R√©guli√®rement(une √† plusieurs fois par mois),Prix abordables et accessibles,,,,3 euros,Non,2600L,Non,Oui,5,5,5,5,5,5,5,5,5,5,5,5,5
10/03/2023 21:34:23,,,Femme,18 - 24 ans,Etudiant,SHEIN,En ligne site divers,R√©guli√®rement(une √† plusieurs fois par mois),Prix abordables et accessibles,,,,1 euro,Non,5000L,Oui,Oui,4,4,5,5,5,5,5,5,5,5,5,5,5
10/03/2023 21:35:16,,,Femme,25 - 35 ans,Etudiant,SHEIN,En ligne site divers,R√©guli√®rement(une √† plusieurs fois par mois),Prix abordables et accessibles,,,,1 euro,Non,3000L,Non,Oui,5,5,5,5,5,5,5,5,5,5,5,5,5
10/03/2023 21:36:23,,,Femme,25 - 35 ans,Etudiant,SHEIN,En ligne site divers,R√©guli√®rement(une √† plusieurs fois par mois),Prix abordables et accessibles,,,,3 euros,Non,5000L,Non,Oui,5,5,5,5,5,5,5,5,5,5,5,5,5
10/03/2023 21:37:20,,,Femme,18 - 24 ans,Etudiant,SHEIN,En ligne site divers,R√©guli√®rement(une √† plusieurs fois par mois),Vari√©t√© de styles et de couleurs,,,,5 euros,Non,3000L,Non,Oui,5,5,5,5,5,5,5,5,5,5,5,5,5
10/03/2023 21:38:20,,,Femme,35 - 50 ans,Au ch√¥mage!  Ce n'est pas graveü§ó,Bershka,Magasin physique,R√©guli√®rement(une √† plusieurs fois par mois),Facilement disponible,,,,3 euros,Non,3000L,Non,Non,5,5,5,5,5,5,5,5,5,5,5,5,5
10/03/2023 21:39:27,,,Femme,35 - 50 ans,Salari√©,H&M,Magasin physique,R√©guli√®rement(une √† plusieurs fois par mois),Design tendance et articles √† la mode,,,,1 euro,Non,5000L,Non,Oui,5,5,5,5,5,5,5,5,5,5,5,5,5
10/03/2023 21:40:31,,,Femme,25 - 35 ans,Salari√©,Mango,Magasin physique,Fr√©quemment(une √† plusieurs fois par semaine)ü§ê,Prix abordables et accessibles,,,,1 euro,Non,7600L,Non,Oui,5,5,5,5,5,5,5,5,5,5,5,5,5
10/03/2023 21:41:35,,,Homme,25 - 35 ans,Etudiant,H&M,Magasin physique,Fr√©quemment(une √† plusieurs fois par semaine)ü§ê,Prix abordables et accessibles,,,,3 euros,Non,1000 L,Non,Non,5,5,5,5,5,5,5,5,5,5,5,5,5
10/03/2023 21:42:38,,,Femme,25 - 35 ans,Salari√©,ZARA,En ligne site divers,R√©guli√®rement(une √† plusieurs fois par mois),Design tendance et articles √† la mode,,,,5 euros,Non,5000L,Non,Oui,5,5,5,5,5,5,5,5,5,5,5,5,5
10/03/2023 21:43:50,,,Femme,35 - 50 ans,Au ch√¥mage!  Ce n'est pas graveü§ó,ZARA,En ligne site divers,R√©guli√®rement(une √† plusieurs fois par mois),Vari√©t√© de styles et de couleurs,,,,3 euros,Non,3000L,Non,Oui,5,5,5,5,5,5,5,5,5,5,5,5,5
10/03/2023 21:44:54,,,Homme,25 - 35 ans,Etudiant,Topshop,Magasin physique,Rarement( une √† deux fois par an),Facilement disponible,,,,5 euros,Non,3000L,Non,Oui,5,5,5,5,5,4,4,3,3,5,4,3,4
10/03/2023 21:46:04,,,Femme,25 - 35 ans,Etudiant,SHEIN,En ligne site divers,R√©guli√®rement(une √† plusieurs fois par mois),Prix abordables et accessibles,,,,18 Centimes,Non,7600L,Non,Oui,3,4,5,3,4,5,5,4,5,5,4,3,5
10/03/2023 21:47:21,,,Femme,35 - 50 ans,Au ch√¥mage!  Ce n'est pas graveü§ó,H&M,Magasin physique,R√©guli√®rement(une √† plusieurs fois par mois),Design tendance et articles √† la mode,,,,3 euros,Non,7600L,Non,Oui,3,3,5,5,3,4,4,5,5,4,3,3,5
10/03/2023 21:48:42,,,Homme,18 - 24 ans,Etudiant,SHEIN,En ligne site divers,Rarement( une √† deux fois par an),Vari√©t√© de styles et de couleurs,,,,1 euro,Non,7600L,Non,Oui,4,5,3,5,4,4,5,3,4,4,5,5,4
10/03/2023 21:49:47,,,Femme,25 - 35 ans,Etudiant,Bershka,Vente priv√©e en ligne,R√©guli√®rement(une √† plusieurs fois par mois),Facilement disponible,,,,5 euros,Oui,2600L,Oui,Oui,3,4,2,3,3,4,5,4,4,4,5,4,4
10/03/2023 21:50:38,,,Homme,25 - 35 ans,Salari√©,ZARA,En ligne site divers,Fr√©quemment(une √† plusieurs fois par semaine)ü§ê,Facilement disponible,,,,1 euro,Non,5000L,Non,Oui,3,3,4,4,4,5,4,4,4,4,4,4,3
10/03/2023 21:51:35,,,Femme,25 - 35 ans,Etudiant,Pull and Bear,En ligne site divers,Fr√©quemment(une √† plusieurs fois par semaine)ü§ê,Facilement disponible,,,,3 euros,Non,3000L,Non,Oui,4,5,4,4,3,3,4,4,5,4,4,4,4
10/03/2023 21:52:28,,,Femme,25 - 35 ans,Au ch√¥mage!  Ce n'est pas graveü§ó,Pull and Bear,Magasin physique,R√©guli√®rement(une √† plusieurs fois par mois),Vari√©t√© de styles et de couleurs,,,,18 Centimes,Non,2600L,Non,Oui,5,5,5,5,5,5,5,5,5,5,5,5,5
10/03/2023 21:53:29,,,Femme,18 - 24 ans,Etudiant,Jennyfer,Magasin physique,Fr√©quemment(une √† plusieurs fois par semaine)ü§ê,Prix abordables et accessibles,,,,5 euros,Non,2600L,Non,Oui,4,3,3,4,5,4,4,4,5,4,5,5,3
10/03/2023 21:54:21,,,Femme,18 - 24 ans,Etudiant,SHEIN,En ligne site divers,Fr√©quemment(une √† plusieurs fois par semaine)ü§ê,Prix abordables et accessibles,,,,5 euros,Non,3000L,Non,Oui,4,4,4,4,5,3,4,4,5,5,5,5,5
10/03/2023 21:55:19,,,Femme,35 - 50 ans,Au ch√¥mage!  Ce n'est pas graveü§ó,Bershka,En ligne site divers,R√©guli√®rement(une √† plusieurs fois par mois),Facilement disponible,,,,3 euros,Non,5000L,Non,Oui,5,4,4,4,5,5,4,4,4,5,5,5,3
10/03/2023 21:56:23,,,Femme,18 - 24 ans,Etudiant,SHEIN,En ligne site divers,Fr√©quemment(une √† plusieurs fois par semaine)ü§ê,Prix abordables et accessibles,,,,3 euros,Non,3000L,Non,Oui,5,4,4,4,4,4,5,5,5,5,4,5,4
10/03/2023 21:57:56,,,Femme,18 - 24 ans,Etudiant,SHEIN,En ligne site divers,Fr√©quemment(une √† plusieurs fois par semaine)ü§ê,Prix abordables et accessibles,,,,1 euro,Non,7600L,Non,Oui,5,4,5,4,4,4,5,5,5,4,4,5,5
10/03/2023 21:58:59,,,Femme,18 - 24 ans,Etudiant,SHEIN,Magasin physique,R√©guli√®rement(une √† plusieurs fois par mois),Vari√©t√© de styles et de couleurs,,,,18 Centimes,Non,3000L,Non,Oui,5,4,5,4,5,4,4,4,5,4,4,4,4
10/03/2023 22:00:09,,,Femme,35 - 50 ans,Salari√©,Bershka,Vente priv√©e en ligne,R√©guli√®rement(une √† plusieurs fois par mois),Vari√©t√© de styles et de couleurs,,,,3 euros,Non,5000L,Non,Oui,5,5,5,5,5,5,5,4,3,4,4,3,4
10/03/2023 22:01:14,,,Femme,25 - 35 ans,Salari√©,ZARA,En ligne site divers,R√©guli√®rement(une √† plusieurs fois par mois),Design tendance et articles √† la mode,,,,3 euros,Non,3000L,Non,Oui,4,5,4,4,4,4,3,4,4,4,4,4,4
10/03/2023 22:02:07,,,Femme,35 - 50 ans,Au ch√¥mage!  Ce n'est pas graveü§ó,Bershka,Vente priv√©e en ligne,R√©guli√®rement(une √† plusieurs fois par mois),Facilement disponible,,,,3 euros,Non,3000L,Non,Oui,4,5,4,4,5,4,4,4,5,4,4,5,3
10/03/2023 22:03:02,,,Femme,25 - 35 ans,Etudiant,H&M,Magasin physique,Fr√©quemment(une √† plusieurs fois par semaine)ü§ê,Prix abordables et accessibles,,,,3 euros,Non,3000L,Non,Oui,4,3,3,3,3,4,4,4,4,4,4,4,4
10/03/2023 22:04:13,,,Femme,18 - 24 ans,Salari√©,Bershka,Magasin physique,R√©guli√®rement(une √† plusieurs fois par mois),Prix abordables et accessibles,,,,1 euro,Non,3000L,Non,Oui,4,4,4,5,4,5,4,5,5,4,4,4,4
10/03/2023 22:05:14,,,Femme,Moins de 18 ans,Etudiant,SHEIN,En ligne site divers,Fr√©quemment(une √† plusieurs fois par semaine)ü§ê,Prix abordables et accessibles,,,,1 euro,Non,5000L,Non,Oui,4,4,5,4,4,5,4,4,5,4,4,3,5
10/03/2023 22:06:11,,,Femme,25 - 35 ans,Etudiant,Jennyfer,Magasin physique,R√©guli√®rement(une √† plusieurs fois par mois),Prix abordables et accessibles,,,,1 euro,Non,2600L,Non,Oui,4,5,5,4,5,4,4,5,5,4,4,4,4
10/03/2023 22:07:25,,,Homme,25 - 35 ans,Etudiant,ZARA,Magasin physique,Rarement( une √† deux fois par an),Prix abordables et accessibles,,,,3 euros,Non,5000L,Non,Oui,4,4,5,4,4,4,4,5,5,5,5,5,4
10/03/2023 22:08:21,,,Femme,35 - 50 ans,Au ch√¥mage!  Ce n'est pas graveü§ó,H&M,Magasin physique,R√©guli√®rement(une √† plusieurs fois par mois),Design tendance et articles √† la mode,,,,3 euros,Non,2600L,Non,Oui,4,4,4,4,5,5,5,4,4,5,4,5,4
10/03/2023 22:09:21,,,Femme,18 - 24 ans,Etudiant,ZARA,Magasin physique,R√©guli√®rement(une √† plusieurs fois par mois),Vari√©t√© de styles et de couleurs,,,,3 euros,Non,3000L,Non,Oui,4,4,4,4,4,4,4,4,3,4,5,5,5
10/03/2023 22:10:37,,,Femme,18 - 24 ans,Etudiant,Mango,Magasin physique,R√©guli√®rement(une √† plusieurs fois par mois),Prix abordables et accessibles,,,,3 euros,Non,3000L,Non,Oui,4,4,4,5,5,4,4,5,4,4,4,4,4
10/03/2023 22:11:34,,,Femme,25 - 35 ans,Salari√©,Bershka,En ligne site divers,Fr√©quemment(une √† plusieurs fois par semaine)ü§ê,Prix abordables et accessibles,,,,3 euros,Oui,2600L,Non,Oui,4,4,3,3,4,4,4,3,4,4,3,3,4
10/03/2023 22:12:58,,,Femme,18 - 24 ans,Etudiant,SHEIN,En ligne site divers,R√©guli√®rement(une √† plusieurs fois par mois),Prix abordables et accessibles,,,,3 euros,Non,3000L,Non,Oui,4,4,5,5,4,5,4,5,5,5,5,5,5
10/03/2023 22:13:58,,,Homme,25 - 35 ans,Salari√©,Mango,Magasin physique,R√©guli√®rement(une √† plusieurs fois par mois),Vari√©t√© de styles et de couleurs,,,,1 euro,Non,3000L,Non,Oui,4,4,3,5,5,5,4,5,5,5,5,5,5
10/03/2023 22:14:58,,,Femme,25 - 35 ans,Salari√©,ZARA,Magasin physique,Rarement( une √† deux fois par an),Design tendance et articles √† la mode,,,,3 euros,Non,3000L,Non,Oui,4,4,3,4,4,5,5,5,4,5,4,4,4
10/03/2023 22:15:57,,,Femme,18 - 24 ans,Etudiant,Pull and Bear,En ligne site divers,Rarement( une √† deux fois par an),Design tendance et articles √† la mode,,,,1 euro,Non,3000L,Non,Oui,4,4,5,4,5,4,4,5,4,4,5,4,4
10/03/2023 22:16:51,,,Femme,35 - 50 ans,Au ch√¥mage!  Ce n'est pas graveü§ó,ZARA,Magasin physique,Fr√©quemment(une √† plusieurs fois par semaine)ü§ê,Design tendance et articles √† la mode,,,,5 euros,Non,2600L,Non,Oui,3,3,3,4,4,5,5,5,4,4,2,5,5
10/03/2023 22:17:50,,,Femme,25 - 35 ans,Etudiant,H&M,Vente priv√©e en ligne,R√©guli√®rement(une √† plusieurs fois par mois),Vari√©t√© de styles et de couleurs,,,,5 euros,Non,3000L,Non,Oui,4,4,5,5,5,4,4,4,3,4,5,5,5
10/03/2023 22:18:47,,,Femme,25 - 35 ans,Salari√©,H&M,Vente priv√©e en ligne,R√©guli√®rement(une √† plusieurs fois par mois),Facilement disponible,,,,3 euros,Non,3000L,Non,Oui,4,4,4,5,5,5,4,4,5,5,4,4,4
10/03/2023 22:19:41,,,Femme,18 - 24 ans,Etudiant,SHEIN,En ligne site divers,Fr√©quemment(une √† plusieurs fois par semaine)ü§ê,Prix abordables et accessibles,,,,1 euro,Non,2600L,Non,Oui,5,5,4,5,4,5,5,5,5,5,5,5,5
10/03/2023 22:20:34,,,Femme,25 - 35 ans,Etudiant,Bershka,Vente priv√©e en ligne,R√©guli√®rement(une √† plusieurs fois par mois),Design tendance et articles √† la mode,,,,5 euros,Non,2600L,Non,Oui,4,5,5,5,5,5,4,5,5,5,5,5,5
10/03/2023 22:21:23,,,Femme,25 - 35 ans,Au ch√¥mage!  Ce n'est pas graveü§ó,H&M,Magasin physique,R√©guli√®rement(une √† plusieurs fois par mois),Design tendance et articles √† la mode,,,,3 euros,Non,2600L,Non,Oui,4,3,4,4,4,5,5,5,5,5,5,5,4
10/03/2023 22:22:40,,,Femme,18 - 24 ans,Etudiant,Bershka,Magasin physique,R√©guli√®rement(une √† plusieurs fois par mois),Prix abordables et accessibles,,,,3 euros,Non,3000L,Non,Oui,4,5,4,4,5,4,4,4,4,4,5,5,5
10/03/2023 22:23:55,,,Femme,25 - 35 ans,Salari√©,ZARA,En ligne site divers,Fr√©quemment(une √† plusieurs fois par semaine)ü§ê,Prix abordables et accessibles,,,,3 euros,Non,2600L,Oui,Oui,4,5,5,5,5,5,5,5,4,5,4,5,5
10/03/2023 22:24:51,,,Femme,25 - 35 ans,Salari√©,H&M,Magasin physique,R√©guli√®rement(une √† plusieurs fois par mois),Vari√©t√© de styles et de couleurs,,,,3 euros,Non,3000L,Non,Oui,5,4,4,4,5,5,4,4,5,5,5,4,4
10/03/2023 22:25:54,,,Homme,25 - 35 ans,Salari√©,ZARA,Magasin physique,Rarement( une √† deux fois par an),Vari√©t√© de styles et de couleurs,,,,3 euros,Non,5000L,Non,Oui,4,4,5,4,5,4,3,5,5,5,5,5,5
10/03/2023 22:27:12,,,Femme,25 - 35 ans,Au ch√¥mage!  Ce n'est pas graveü§ó,ZARA,Vinted,R√©guli√®rement(une √† plusieurs fois par mois),Prix abordables et accessibles,,,,1 euro,Non,3000L,Non,Oui,4,5,4,4,4,3,4,5,5,4,4,4,4
10/03/2023 22:28:14,,,Homme,18 - 24 ans,Etudiant,Pull and Bear,Magasin physique,Rarement( une √† deux fois par an),Design tendance et articles √† la mode,,,,5 euros,Non,2600L,Non,Oui,4,4,5,4,5,5,4,4,4,4,4,4,4
10/03/2023 22:29:10,,,Femme,25 - 35 ans,Etudiant,ZARA,Vinted,Fr√©quemment(une √† plusieurs fois par semaine)ü§ê,Prix abordables et accessibles,,,,5 euros,Non,3000L,Non,Oui,4,3,4,4,4,4,3,4,4,4,4,5,4
10/03/2023 22:30:01,,,Femme,25 - 35 ans,Salari√©,Bershka,Vente priv√©e en ligne,R√©guli√®rement(une √† plusieurs fois par mois),Design tendance et articles √† la mode,,,,3 euros,Non,3000L,Non,Oui,4,4,4,5,4,4,5,4,5,4,5,4,5
10/03/2023 22:30:56,,,Homme,25 - 35 ans,Etudiant,Topshop,Magasin physique,Rarement( une √† deux fois par an),Vari√©t√© de styles et de couleurs,,,,3 euros,Non,3000L,Non,Oui,4,4,4,3,3,3,4,3,3,4,4,4,4
10/03/2023 22:31:51,,,Homme,18 - 24 ans,Etudiant,Pull and Bear,Magasin physique,R√©guli√®rement(une √† plusieurs fois par mois),Vari√©t√© de styles et de couleurs,,,,5 euros,Non,2600L,Non,Oui,4,5,4,4,4,3,4,4,4,4,4,4,4
10/03/2023 22:32:47,,,Homme,25 - 35 ans,Salari√©,ZARA,Magasin physique,R√©guli√®rement(une √† plusieurs fois par mois),Design tendance et articles √† la mode,,,,1 euro,Oui,2600L,Oui,Oui,4,4,4,4,4,4,4,4,4,5,4,4,4
10/03/2023 22:33:45,,,Femme,25 - 35 ans,Au ch√¥mage!  Ce n'est pas graveü§ó,Bershka,Vente priv√©e en ligne,R√©guli√®rement(une √† plusieurs fois par mois),Facilement disponible,,,,3 euros,Non,5000L,Non,Oui,4,4,5,5,4,4,5,5,5,5,5,4,4
14/03/2023 21:12:24,,,Femme,25 - 35 ans,Au ch√¥mage!  Ce n'est pas graveü§ó,SHEIN,En ligne site divers,Rarement( une √† deux fois par an),Prix abordables et accessibles,,,,5 euros,J'en ai rien √† faireüíÄ,1000 L,Non,Non,3,4,5,5,5,5,5,5,5,5,5,5,5
15/03/2023 13:21:11,,,Femme,18 - 24 ans,Etudiant,SHEIN,En ligne site divers,Rarement( une √† deux fois par an),Prix abordables et accessibles,,,,18 Centimes,Non,5000L,Non,Oui,2,3,4,5,4,4,4,4,4,4,4,4,4
09/04/2023 18:15:34,,,Femme,25 - 35 ans,Etudiant,SHEIN,Vente priv√©e en ligne,Fr√©quemment(une √† plusieurs fois par semaine)ü§ê,Prix abordables et accessibles,,,,3 euros,Non,3000L,Non,Non,3,3,3,2,2,3,3,4,4,4,4,4,4
09/04/2023 18:16:34,,,Femme,18 - 24 ans,Etudiant,SHEIN,En ligne site divers,Fr√©quemment(une √† plusieurs fois par semaine)ü§ê,Design tendance et articles √† la mode,,,,5 euros,Non,3000L,Non,Oui,3,3,4,3,4,4,4,4,3,3,4,4,3
09/04/2023 18:17:36,,,Femme,25 - 35 ans,Salari√©,ZARA,Vente priv√©e en ligne,R√©guli√®rement(une √† plusieurs fois par mois),Facilement disponible,,,,3 euros,Non,3000L,Non,Oui,3,3,2,3,4,4,3,4,3,3,3,3,3
09/04/2023 18:18:26,,,Femme,25 - 35 ans,Etudiant,ZARA,Magasin physique,R√©guli√®rement(une √† plusieurs fois par mois),Facilement disponible,,,,3 euros,Non,2600L,Non,Oui,4,4,3,3,3,4,4,3,4,4,3,2,4
09/04/2023 18:19:17,,,Femme,35 - 50 ans,Au ch√¥mage!  Ce n'est pas graveü§ó,H&M,Magasin physique,R√©guli√®rement(une √† plusieurs fois par mois),Design tendance et articles √† la mode,,,,3 euros,Non,2600L,Non,Oui,3,3,2,3,3,4,4,3,4,4,4,4,4
09/04/2023 18:20:21,,,Femme,25 - 35 ans,Salari√©,ZARA,Magasin physique,R√©guli√®rement(une √† plusieurs fois par mois),Design tendance et articles √† la mode,,,,3 euros,Non,1000 L,Oui,Oui,3,3,4,3,3,4,4,3,4,4,4,4,3
09/04/2023 18:21:11,,,Femme,18 - 24 ans,Salari√©,SHEIN,En ligne site divers,Fr√©quemment(une √† plusieurs fois par semaine)ü§ê,Facilement disponible,,,,3 euros,Oui,3000L,Non,Oui,3,3,4,4,2,3,3,3,3,3,3,4,3
09/04/2023 18:22:06,,,Homme,18 - 24 ans,Salari√©,H&M,Vente priv√©e en ligne,R√©guli√®rement(une √† plusieurs fois par mois),Design tendance et articles √† la mode,,,,3 euros,Non,5000L,Non,Oui,3,3,3,3,4,4,3,3,4,4,4,4,4
09/04/2023 18:23:29,,,Femme,25 - 35 ans,Au ch√¥mage!  Ce n'est pas graveü§ó,ZARA,En ligne site divers,Fr√©quemment(une √† plusieurs fois par semaine)ü§ê,Design tendance et articles √† la mode,,,,3 euros,Non,3000L,Non,Oui,3,3,3,3,4,3,2,5,5,5,5,5,5
09/04/2023 18:24:22,,,Femme,18 - 24 ans,Etudiant,ZARA,En ligne site divers,R√©guli√®rement(une √† plusieurs fois par mois),Design tendance et articles √† la mode,,,,3 euros,Non,2600L,Non,Oui,3,3,2,3,3,3,4,4,4,4,4,4,4
09/04/2023 18:25:22,,,Homme,Moins de 18 ans,Etudiant,ZARA,En ligne site divers,R√©guli√®rement(une √† plusieurs fois par mois),Design tendance et articles √† la mode,,,,3 euros,Non,3000L,Non,Oui,3,3,3,3,4,4,4,4,4,4,4,4,4
09/04/2023 18:26:11,,,Homme,35 - 50 ans,Salari√©,H&M,Vente priv√©e en ligne,Fr√©quemment(une √† plusieurs fois par semaine)ü§ê,Facilement disponible,,,,1 euro,Non,3000L,Oui,Oui,3,1,4,4,3,2,3,4,3,4,4,5,4
09/04/2023 18:27:08,,,Femme,18 - 24 ans,Etudiant,ZARA,Vente priv√©e en ligne,R√©guli√®rement(une √† plusieurs fois par mois),Facilement disponible,,,,3 euros,Non,2600L,Non,Oui,3,4,4,4,4,4,3,4,4,4,4,3,3
09/04/2023 18:28:07,,,Femme,25 - 35 ans,Salari√©,Bershka,Magasin physique,R√©guli√®rement(une √† plusieurs fois par mois),Prix abordables et accessibles,,,,1 euro,Oui,3000L,Non,Oui,5,4,4,3,5,5,5,5,5,4,4,4,4
09/04/2023 18:28:54,,,Femme,25 - 35 ans,Salari√©,Bershka,En ligne site divers,R√©guli√®rement(une √† plusieurs fois par mois),Design tendance et articles √† la mode,,,,3 euros,Non,3000L,Non,Non,2,4,4,4,4,4,3,4,4,4,4,4,4
09/04/2023 18:29:38,,,Femme,35 - 50 ans,Au ch√¥mage!  Ce n'est pas graveü§ó,Pull and Bear,Magasin physique,R√©guli√®rement(une √† plusieurs fois par mois),Facilement disponible,,,,3 euros,Non,7600L,Non,Oui,5,3,3,4,4,4,2,3,4,4,4,4,4
09/04/2023 18:30:24,,,Homme,25 - 35 ans,Etudiant,SHEIN,Magasin physique,Fr√©quemment(une √† plusieurs fois par semaine)ü§ê,Facilement disponible,,,,3 euros,Non,5000L,Oui,Non,2,2,2,4,4,4,4,4,5,5,5,5,5
09/04/2023 18:31:09,,,Femme,25 - 35 ans,Etudiant,SHEIN,En ligne site divers,R√©guli√®rement(une √† plusieurs fois par mois),Design tendance et articles √† la mode,,,,5 euros,Oui,3000L,Non,Oui,4,4,4,4,4,4,4,3,4,4,3,4,4
09/04/2023 18:31:57,,,Femme,25 - 35 ans,Au ch√¥mage!  Ce n'est pas graveü§ó,H&M,Vente priv√©e en ligne,R√©guli√®rement(une √† plusieurs fois par mois),Facilement disponible,,,,3 euros,Non,1000 L,Non,Oui,4,4,4,4,4,4,4,4,5,5,5,5,5
09/04/2023 18:33:22,,,Homme,25 - 35 ans,Salari√©,H&M,Magasin physique,R√©guli√®rement(une √† plusieurs fois par mois),Facilement disponible,,,,3 euros,Non,2600L,Non,Oui,5,2,4,4,4,4,3,4,5,5,5,5,2
09/04/2023 18:35:43,,,Femme,25 - 35 ans,Au ch√¥mage!  Ce n'est pas graveü§ó,Jennyfer,Vente priv√©e en ligne,Fr√©quemment(une √† plusieurs fois par semaine)ü§ê,Facilement disponible,,,,3 euros,Non,2600L,Non,Oui,5,5,5,5,4,4,4,4,4,4,3,3,3
09/04/2023 18:36:32,,,Femme,25 - 35 ans,Salari√©,Bershka,Vente priv√©e en ligne,Fr√©quemment(une √† plusieurs fois par semaine)ü§ê,Facilement disponible,,,,3 euros,Non,3000L,Non,Non,3,4,3,3,3,2,4,4,4,5,5,5,5
09/04/2023 18:41:12,,,Femme,35 - 50 ans,Au ch√¥mage!  Ce n'est pas graveü§ó,H&M,Vente priv√©e en ligne,R√©guli√®rement(une √† plusieurs fois par mois),Design tendance et articles √† la mode,,,,3 euros,Non,5000L,Non,Non,3,2,4,3,3,4,3,4,5,4,4,4,3
09/04/2023 18:42:28,,,Femme,35 - 50 ans,Au ch√¥mage!  Ce n'est pas graveü§ó,ZARA,En ligne site divers,Fr√©quemment(une √† plusieurs fois par semaine)ü§ê,Design tendance et articles √† la mode,,,,3 euros,Oui,3000L,Non,Oui,4,4,5,5,4,5,4,5,4,5,5,5,4
09/04/2023 18:43:15,,,Femme,35 - 50 ans,Au ch√¥mage!  Ce n'est pas graveü§ó,Bershka,Vente priv√©e en ligne,R√©guli√®rement(une √† plusieurs fois par mois),Vari√©t√© de styles et de couleurs,,,,3 euros,Non,7600L,Non,Oui,4,4,5,5,4,5,5,4,5,5,5,5,4
09/04/2023 18:44:03,,,Femme,18 - 24 ans,Salari√©,ZARA,Vente priv√©e en ligne,Fr√©quemment(une √† plusieurs fois par semaine)ü§ê,Design tendance et articles √† la mode,,,,3 euros,Oui,7600L,Oui,Oui,3,3,4,4,3,4,4,3,3,4,4,4,4
09/04/2023 18:45:04,,,Femme,35 - 50 ans,Au ch√¥mage!  Ce n'est pas graveü§ó,Bershka,Magasin physique,Fr√©quemment(une √† plusieurs fois par semaine)ü§ê,Design tendance et articles √† la mode,,,,3 euros,Oui,5000L,Non,Oui,4,5,5,5,5,5,5,5,5,5,5,5,5
09/04/2023 18:45:51,,,Homme,25 - 35 ans,Au ch√¥mage!  Ce n'est pas graveü§ó,H&M,Magasin physique,R√©guli√®rement(une √† plusieurs fois par mois),Vari√©t√© de styles et de couleurs,,,,3 euros,Non,2600L,Non,Oui,3,4,1,3,3,4,3,5,5,4,4,5,5
09/04/2023 18:46:43,,,Homme,25 - 35 ans,Etudiant,SHEIN,En ligne site divers,R√©guli√®rement(une √† plusieurs fois par mois),Prix abordables et accessibles,,,,5 euros,Oui,7600L,Non,Oui,5,5,5,5,5,5,5,5,5,5,5,5,5
09/04/2023 18:47:36,,,Homme,25 - 35 ans,Au ch√¥mage!  Ce n'est pas graveü§ó,H&M,Vente priv√©e en ligne,R√©guli√®rement(une √† plusieurs fois par mois),Facilement disponible,,,,3 euros,Non,3000L,Non,Oui,5,5,5,4,4,5,4,5,5,4,5,5,5
09/04/2023 18:48:21,,,Femme,25 - 35 ans,Etudiant,SHEIN,En ligne site divers,R√©guli√®rement(une √† plusieurs fois par mois),Vari√©t√© de styles et de couleurs,,,,3 euros,Non,2600L,Non,Oui,5,4,3,5,5,5,4,5,5,4,5,5,4
09/04/2023 18:49:08,,,Femme,25 - 35 ans,Salari√©,Bershka,En ligne site divers,R√©guli√®rement(une √† plusieurs fois par mois),Design tendance et articles √† la mode,,,,18 Centimes,Oui,5000L,Non,Oui,5,5,5,4,4,3,3,3,4,5,5,5,5
09/04/2023 18:49:56,,,Femme,35 - 50 ans,Au ch√¥mage!  Ce n'est pas graveü§ó,Mango,Magasin physique,Rarement( une √† deux fois par an),Design tendance et articles √† la mode,,,,3 euros,Non,2600L,Non,Non,3,3,5,5,5,5,3,4,4,5,5,5,5
09/04/2023 18:50:43,,,Femme,25 - 35 ans,Au ch√¥mage!  Ce n'est pas graveü§ó,Mango,En ligne site divers,Fr√©quemment(une √† plusieurs fois par semaine)ü§ê,Facilement disponible,,,,3 euros,Non,3000L,Oui,Oui,4,4,3,3,3,3,3,4,4,4,4,4,4
09/04/2023 18:51:27,,,Homme,18 - 24 ans,Au ch√¥mage!  Ce n'est pas graveü§ó,ZARA,Vente priv√©e en ligne,R√©guli√®rement(une √† plusieurs fois par mois),Design tendance et articles √† la mode,,,,3 euros,Non,5000L,Non,Non,5,4,4,3,3,3,3,4,5,5,4,5,5
09/04/2023 18:52:15,,,Homme,35 - 50 ans,Salari√©,H&M,Magasin physique,R√©guli√®rement(une √† plusieurs fois par mois),Prix abordables et accessibles,,,,3 euros,Non,2600L,Non,Oui,5,5,5,5,5,4,5,5,5,5,5,5,5
09/04/2023 18:52:56,,,Femme,25 - 35 ans,Au ch√¥mage!  Ce n'est pas graveü§ó,Bershka,Magasin physique,R√©guli√®rement(une √† plusieurs fois par mois),Prix abordables et accessibles,,,,3 euros,Non,3000L,Non,Non,5,5,4,3,5,5,4,5,4,5,4,5,4
09/04/2023 18:53:43,,,Femme,18 - 24 ans,Au ch√¥mage!  Ce n'est pas graveü§ó,Bershka,Magasin physique,Rarement( une √† deux fois par an),Design tendance et articles √† la mode,,,,3 euros,Non,3000L,Non,Oui,5,5,5,5,3,2,3,5,5,5,5,5,5
09/04/2023 18:54:25,,,Femme,18 - 24 ans,Salari√©,ZARA,Vente priv√©e en ligne,R√©guli√®rement(une √† plusieurs fois par mois),Design tendance et articles √† la mode,,,,3 euros,Non,1000 L,Non,Oui,5,5,5,5,5,5,5,5,5,5,5,5,5
09/04/2023 18:55:07,,,Femme,18 - 24 ans,Salari√©,ZARA,Magasin physique,R√©guli√®rement(une √† plusieurs fois par mois),Vari√©t√© de styles et de couleurs,,,,3 euros,Non,3000L,Non,Oui,5,5,4,4,3,4,3,4,4,3,3,2,3
09/04/2023 18:55:52,,,Femme,Moins de 18 ans,Au ch√¥mage!  Ce n'est pas graveü§ó,Jennyfer,Vente priv√©e en ligne,R√©guli√®rement(une √† plusieurs fois par mois),Prix abordables et accessibles,,,,1 euro,Non,3000L,Non,Oui,3,4,5,4,3,3,2,4,4,5,5,5,5
09/04/2023 18:56:36,,,Homme,25 - 35 ans,Au ch√¥mage!  Ce n'est pas graveü§ó,Mango,Magasin physique,R√©guli√®rement(une √† plusieurs fois par mois),Facilement disponible,,,,3 euros,Non,5000L,Non,Oui,5,5,5,5,5,5,5,5,5,5,5,5,5
09/04/2023 18:57:21,,,Homme,35 - 50 ans,Au ch√¥mage!  Ce n'est pas graveü§ó,H&M,Vente priv√©e en ligne,R√©guli√®rement(une √† plusieurs fois par mois),Facilement disponible,,,,1 euro,Non,5000L,Non,Oui,4,4,4,4,5,4,4,5,5,5,5,5,5
09/04/2023 18:58:10,,,Femme,25 - 35 ans,Etudiant,SHEIN,En ligne site divers,R√©guli√®rement(une √† plusieurs fois par mois),Design tendance et articles √† la mode,,,,3 euros,Non,3000L,Non,Oui,4,4,3,3,3,5,5,5,5,5,5,5,5
09/04/2023 18:58:58,,,Femme,25 - 35 ans,Salari√©,H&M,Magasin physique,R√©guli√®rement(une √† plusieurs fois par mois),Design tendance et articles √† la mode,,,,5 euros,Oui,7600L,Non,Oui,4,5,5,5,5,5,5,5,5,5,5,5,5
09/04/2023 18:59:51,,,Femme,25 - 35 ans,Salari√©,Bershka,Vente priv√©e en ligne,R√©guli√®rement(une √† plusieurs fois par mois),Facilement disponible,,,,5 euros,Non,2600L,Non,Oui,4,3,2,4,4,4,3,4,4,4,5,5,5
09/04/2023 19:00:39,,,Femme,25 - 35 ans,Etudiant,SHEIN,En ligne site divers,Fr√©quemment(une √† plusieurs fois par semaine)ü§ê,Vari√©t√© de styles et de couleurs,,,,3 euros,Non,3000L,Non,Oui,5,5,5,5,5,5,5,5,5,5,5,5,5
09/04/2023 19:01:26,,,Femme,25 - 35 ans,Au ch√¥mage!  Ce n'est pas graveü§ó,Pull and Bear,Vinted,Rarement( une √† deux fois par an),Facilement disponible,,,,5 euros,Non,3000L,Non,Oui,5,5,5,5,5,5,5,5,5,5,5,5,5
09/04/2023 19:02:14,,,Homme,18 - 24 ans,Etudiant,ZARA,Magasin physique,R√©guli√®rement(une √† plusieurs fois par mois),Design tendance et articles √† la mode,,,,5 euros,Non,3000L,Non,Oui,5,4,3,4,4,4,4,5,5,4,4,5,4
09/04/2023 19:02:58,,,Femme,25 - 35 ans,Au ch√¥mage!  Ce n'est pas graveü§ó,Bershka,Vente priv√©e en ligne,R√©guli√®rement(une √† plusieurs fois par mois),Facilement disponible,,,,3 euros,Non,2600L,Non,Oui,4,3,3,4,3,4,3,4,4,5,4,4,4
09/04/2023 19:03:53,,,Femme,35 - 50 ans,Salari√©,Pull and Bear,Magasin physique,Rarement( une √† deux fois par an),Facilement disponible,,,,3 euros,Oui,3000L,Non,Oui,4,4,3,5,5,5,5,5,5,4,5,4,5
09/04/2023 19:04:38,,,Femme,25 - 35 ans,Au ch√¥mage!  Ce n'est pas graveü§ó,H&M,Magasin physique,R√©guli√®rement(une √† plusieurs fois par mois),Facilement disponible,,,,5 euros,Non,2600L,Non,Oui,3,4,4,3,5,4,4,4,4,4,4,5,4
09/04/2023 19:05:23,,,Femme,25 - 35 ans,Au ch√¥mage!  Ce n'est pas graveü§ó,H&M,Magasin physique,R√©guli√®rement(une √† plusieurs fois par mois),Design tendance et articles √† la mode,,,,3 euros,Non,3000L,Non,Oui,2,3,3,3,3,2,4,4,5,5,4,4,5
09/04/2023 19:06:08,,,Femme,35 - 50 ans,Au ch√¥mage!  Ce n'est pas graveü§ó,Pull and Bear,Vinted,R√©guli√®rement(une √† plusieurs fois par mois),Design tendance et articles √† la mode,,,,3 euros,Non,3000L,Non,Oui,3,4,4,4,4,5,4,5,5,5,5,5,4
09/04/2023 19:06:50,,,Femme,18 - 24 ans,Salari√©,Bershka,Magasin physique,Rarement( une √† deux fois par an),Design tendance et articles √† la mode,,,,1 euro,Non,3000L,Non,Oui,4,4,5,4,4,4,4,5,4,5,5,5,5
09/04/2023 19:07:35,,,Femme,35 - 50 ans,Au ch√¥mage!  Ce n'est pas graveü§ó,H&M,Magasin physique,R√©guli√®rement(une √† plusieurs fois par mois),Facilement disponible,,,,3 euros,Non,2600L,Non,Oui,5,4,3,3,4,5,4,5,4,4,4,3,3
09/04/2023 19:08:24,,,Femme,25 - 35 ans,Etudiant,SHEIN,En ligne site divers,Fr√©quemment(une √† plusieurs fois par semaine)ü§ê,Prix abordables et accessibles,,,,1 euro,Non,2600L,Non,Oui,3,5,4,5,5,5,5,5,5,5,5,5,4
09/04/2023 19:09:14,,,Homme,18 - 24 ans,Salari√©,H&M,Magasin physique,R√©guli√®rement(une √† plusieurs fois par mois),Facilement disponible,,,,3 euros,Non,3000L,Non,Oui,4,4,4,5,5,5,4,5,4,4,5,5,5
09/04/2023 19:10:01,,,Femme,18 - 24 ans,Au ch√¥mage!  Ce n'est pas graveü§ó,H&M,Magasin physique,R√©guli√®rement(une √† plusieurs fois par mois),Design tendance et articles √† la mode,,,,3 euros,Non,1000 L,Oui,Oui,4,5,4,3,5,4,4,4,4,4,4,4,4
09/04/2023 19:10:54,,,Femme,25 - 35 ans,Au ch√¥mage!  Ce n'est pas graveü§ó,Bershka,Magasin physique,R√©guli√®rement(une √† plusieurs fois par mois),Vari√©t√© de styles et de couleurs,,,,5 euros,Non,5000L,Non,Oui,3,4,4,4,4,4,3,4,4,5,4,4,5
09/04/2023 19:11:41,,,Femme,25 - 35 ans,Au ch√¥mage!  Ce n'est pas graveü§ó,Pull and Bear,Magasin physique,R√©guli√®rement(une √† plusieurs fois par mois),Facilement disponible,,,,3 euros,Non,3000L,Non,Oui,4,4,4,4,4,4,3,4,4,3,4,3,4
09/04/2023 19:12:31,,,Homme,25 - 35 ans,Au ch√¥mage!  Ce n'est pas graveü§ó,Topshop,Vente priv√©e en ligne,R√©guli√®rement(une √† plusieurs fois par mois),Design tendance et articles √† la mode,,,,3 euros,Non,1000 L,Non,Oui,5,5,4,4,4,4,5,5,5,5,5,5,4
09/04/2023 19:13:17,,,Femme,18 - 24 ans,Etudiant,ZARA,Vente priv√©e en ligne,R√©guli√®rement(une √† plusieurs fois par mois),Facilement disponible,,,,5 euros,Non,2600L,Non,Oui,5,4,5,5,5,5,4,4,4,5,5,4,5
09/04/2023 19:14:09,,,Femme,Plus de 50 ans,Au ch√¥mage!  Ce n'est pas graveü§ó,Bershka,Vente priv√©e en ligne,R√©guli√®rement(une √† plusieurs fois par mois),Facilement disponible,,,,3 euros,Oui,3000L,Non,Oui,4,4,4,4,4,4,3,4,4,4,4,4,4
09/04/2023 19:14:56,,,Femme,18 - 24 ans,Au ch√¥mage!  Ce n'est pas graveü§ó,H&M,Magasin physique,R√©guli√®rement(une √† plusieurs fois par mois),Design tendance et articles √† la mode,,,,3 euros,Non,2600L,Non,Oui,4,5,5,5,4,4,4,4,4,5,4,4,4
09/04/2023 19:15:45,,,Homme,18 - 24 ans,Salari√©,Pull and Bear,Magasin physique,R√©guli√®rement(une √† plusieurs fois par mois),Vari√©t√© de styles et de couleurs,,,,1 euro,Non,3000L,Non,Oui,3,4,4,4,4,4,3,4,4,4,4,4,3
09/04/2023 19:16:42,,,Femme,35 - 50 ans,Au ch√¥mage!  Ce n'est pas graveü§ó,Bershka,Vente priv√©e en ligne,R√©guli√®rement(une √† plusieurs fois par mois),Facilement disponible,,,,3 euros,Non,2600L,Oui,Oui,3,4,4,4,4,4,5,5,5,5,5,4,5
09/04/2023 19:17:30,,,Femme,25 - 35 ans,Au ch√¥mage!  Ce n'est pas graveü§ó,H&M,Magasin physique,R√©guli√®rement(une √† plusieurs fois par mois),Facilement disponible,,,,1 euro,Non,3000L,Non,Oui,1,1,2,2,2,5,4,4,5,5,5,5,4
09/04/2023 19:18:17,,,Homme,25 - 35 ans,Salari√©,SHEIN,En ligne site divers,R√©guli√®rement(une √† plusieurs fois par mois),Prix abordables et accessibles,,,,5 euros,Non,2600L,Non,Oui,3,3,3,3,3,3,2,4,5,5,5,5,5
09/04/2023 19:19:07,,,Femme,35 - 50 ans,Au ch√¥mage!  Ce n'est pas graveü§ó,H&M,Magasin physique,Rarement( une √† deux fois par an),Facilement disponible,,,,3 euros,Non,2600L,Non,Oui,4,3,3,3,3,3,3,5,5,5,5,5,4
09/04/2023 19:19:56,,,Femme,Moins de 18 ans,Etudiant,SHEIN,En ligne site divers,Fr√©quemment(une √† plusieurs fois par semaine)ü§ê,Prix abordables et accessibles,,,,5 euros,Non,1000 L,Non,Oui,3,5,5,5,4,5,5,5,5,5,5,5,5
09/04/2023 19:20:44,,,Femme,25 - 35 ans,Au ch√¥mage!  Ce n'est pas graveü§ó,H&M,Magasin physique,R√©guli√®rement(une √† plusieurs fois par mois),Design tendance et articles √† la mode,,,,3 euros,Non,2600L,Non,Oui,5,5,5,5,5,5,5,5,5,5,4,5,5
09/04/2023 19:21:36,,,Femme,25 - 35 ans,Salari√©,ZARA,Magasin physique,R√©guli√®rement(une √† plusieurs fois par mois),Design tendance et articles √† la mode,,,,3 euros,Non,3000L,Non,Oui,4,5,5,5,4,4,5,5,5,5,5,4,4
09/04/2023 19:22:23,,,Homme,18 - 24 ans,Salari√©,SHEIN,En ligne site divers,R√©guli√®rement(une √† plusieurs fois par mois),Design tendance et articles √† la mode,,,,3 euros,Oui,3000L,Non,Oui,3,2,2,2,2,3,4,4,4,5,5,5,5
09/04/2023 19:23:08,,,Homme,25 - 35 ans,Au ch√¥mage!  Ce n'est pas graveü§ó,H&M,Magasin physique,R√©guli√®rement(une √† plusieurs fois par mois),Design tendance et articles √† la mode,,,,3 euros,Non,2600L,Non,Oui,5,5,4,5,5,5,5,5,5,4,5,4,4
09/04/2023 19:23:54,,,Homme,18 - 24 ans,Etudiant,Pull and Bear,Magasin physique,R√©guli√®rement(une √† plusieurs fois par mois),Design tendance et articles √† la mode,,,,3 euros,Oui,2600L,Non,Oui,4,4,4,5,5,5,5,5,5,5,5,5,4
09/04/2023 19:24:41,,,Homme,18 - 24 ans,Etudiant,SHEIN,En ligne site divers,R√©guli√®rement(une √† plusieurs fois par mois),Prix abordables et accessibles,,,,1 euro,Non,3000L,Non,Oui,5,4,4,5,5,4,4,4,3,4,4,4,2
09/04/2023 19:25:31,,,Homme,25 - 35 ans,Salari√©,H&M,Vente priv√©e en ligne,R√©guli√®rement(une √† plusieurs fois par mois),Facilement disponible,,,,3 euros,Non,2600L,Non,Oui,4,4,4,4,5,5,4,5,4,3,4,2,3
09/04/2023 19:26:22,,,Femme,25 - 35 ans,Au ch√¥mage!  Ce n'est pas graveü§ó,Pull and Bear,Magasin physique,R√©guli√®rement(une √† plusieurs fois par mois),Facilement disponible,,,,3 euros,Non,2600L,Non,Oui,4,2,3,4,4,4,4,4,5,5,5,5,5
09/04/2023 19:27:15,,,Homme,25 - 35 ans,Salari√©,H&M,Magasin physique,R√©guli√®rement(une √† plusieurs fois par mois),Design tendance et articles √† la mode,,,,3 euros,Non,1000 L,Non,Oui,5,4,4,3,4,3,4,5,3,4,4,4,4
09/04/2023 19:28:21,,,Femme,18 - 24 ans,Etudiant,SHEIN,Vente priv√©e en ligne,R√©guli√®rement(une √† plusieurs fois par mois),Facilement disponible,,,,3 euros,Non,2600L,Non,Oui,4,4,4,4,4,4,4,4,5,5,5,5,4
09/04/2023 19:29:10,,,Homme,25 - 35 ans,Salari√©,ZARA,Magasin physique,R√©guli√®rement(une √† plusieurs fois par mois),Vari√©t√© de styles et de couleurs,,,,3 euros,Non,7600L,Non,Oui,4,5,4,4,4,5,4,5,5,5,5,5,4
09/04/2023 19:29:57,,,Femme,25 - 35 ans,Salari√©,Bershka,Vente priv√©e en ligne,R√©guli√®rement(une √† plusieurs fois par mois),Facilement disponible,,,,3 euros,Oui,3000L,Oui,Oui,4,4,4,4,3,3,3,5,5,5,5,4,4
09/04/2023 19:30:42,,,Femme,35 - 50 ans,Salari√©,ZARA,Magasin physique,Rarement( une √† deux fois par an),Design tendance et articles √† la mode,,,,3 euros,Non,1000 L,Non,Oui,4,4,4,5,5,5,4,4,4,3,3,5,4
09/04/2023 19:31:28,,,Homme,25 - 35 ans,Salari√©,H&M,Magasin physique,R√©guli√®rement(une √† plusieurs fois par mois),Prix abordables et accessibles,,,,1 euro,Non,3000L,Non,Oui,4,4,5,4,5,4,3,4,3,4,5,4,3
09/04/2023 19:32:32,,,Femme,25 - 35 ans,Salari√©,Pull and Bear,Vente priv√©e en ligne,R√©guli√®rement(une √† plusieurs fois par mois),Design tendance et articles √† la mode,,,,3 euros,J'en ai rien √† faireüíÄ,5000L,Non,Oui,3,4,4,4,3,3,4,4,4,4,4,4,4
09/04/2023 19:33:22,,,Femme,25 - 35 ans,Salari√©,Bershka,Vente priv√©e en ligne,R√©guli√®rement(une √† plusieurs fois par mois),Facilement disponible,,,,1 euro,Non,3000L,Non,Oui,5,4,4,4,4,5,4,5,5,4,5,5,4
09/04/2023 19:34:11,,,Femme,35 - 50 ans,Salari√©,Bershka,Vente priv√©e en ligne,R√©guli√®rement(une √† plusieurs fois par mois),Facilement disponible,,,,3 euros,Non,2600L,Non,Oui,4,4,4,4,4,4,5,4,4,4,4,4,4
09/04/2023 19:35:08,,,Femme,25 - 35 ans,Salari√©,ZARA,En ligne site divers,Fr√©quemment(une √† plusieurs fois par semaine)ü§ê,Prix abordables et accessibles,,,,3 euros,Non,3000L,Oui,Oui,4,4,3,4,4,4,4,4,4,4,4,4,4
09/04/2023 19:36:03,,,Homme,25 - 35 ans,Au ch√¥mage!  Ce n'est pas graveü§ó,Bershka,Vente priv√©e en ligne,R√©guli√®rement(une √† plusieurs fois par mois),Design tendance et articles √† la mode,,,,3 euros,Non,2600L,Non,Oui,4,4,4,4,4,4,3,5,4,5,5,5,4
09/04/2023 19:36:55,,,Femme,25 - 35 ans,Salari√©,H&M,Magasin physique,R√©guli√®rement(une √† plusieurs fois par mois),Prix abordables et accessibles,,,,3 euros,Non,2600L,Non,Oui,3,4,4,4,4,4,5,4,4,4,4,4,4
09/04/2023 19:37:43,,,Femme,35 - 50 ans,Au ch√¥mage!  Ce n'est pas graveü§ó,Bershka,Vente priv√©e en ligne,R√©guli√®rement(une √† plusieurs fois par mois),Design tendance et articles √† la mode,,,,3 euros,Non,3000L,Non,Oui,4,4,4,4,4,4,4,4,3,4,4,4,4
09/04/2023 19:38:31,,,Femme,35 - 50 ans,Au ch√¥mage!  Ce n'est pas graveü§ó,Pull and Bear,Vente priv√©e en ligne,R√©guli√®rement(une √† plusieurs fois par mois),Facilement disponible,,,,5 euros,Non,3000L,Non,Non,4,3,3,4,4,4,4,4,3,3,3,4,4
10/04/2023 00:15:38,,,Femme,25 - 35 ans,Au ch√¥mage!  Ce n'est pas graveü§ó,Bershka,Vente priv√©e en ligne,Rarement( une √† deux fois par an),Facilement disponible,,,,3 euros,Oui,2600L,Non,Oui,4,5,4,4,4,4,4,5,5,5,4,4,4
10/04/2023 00:16:27,,,Homme,25 - 35 ans,Au ch√¥mage!  Ce n'est pas graveü§ó,Pull and Bear,Vinted,R√©guli√®rement(une √† plusieurs fois par mois),Vari√©t√© de styles et de couleurs,,,,1 euro,Non,3000L,Non,Oui,4,5,4,4,4,4,4,4,4,5,4,4,4
10/04/2023 00:17:14,,,Homme,25 - 35 ans,Au ch√¥mage!  Ce n'est pas graveü§ó,H&M,Magasin physique,R√©guli√®rement(une √† plusieurs fois par mois),Prix abordables et accessibles,,,,5 euros,Non,1000 L,Non,Oui,4,4,4,4,4,5,4,4,5,5,4,4,4
10/04/2023 00:18:07,,,Homme,18 - 24 ans,Etudiant,SHEIN,Vinted,Rarement( une √† deux fois par an),Design tendance et articles √† la mode,,,,1 euro,Non,5000L,Non,Oui,4,5,3,4,5,5,4,4,5,4,5,4,4
10/04/2023 00:19:01,,,Femme,25 - 35 ans,Au ch√¥mage!  Ce n'est pas graveü§ó,SHEIN,Magasin physique,Rarement( une √† deux fois par an),Prix abordables et accessibles,,,,5 euros,Non,1000 L,Non,Oui,4,4,4,5,4,4,5,4,4,4,5,5,4
10/04/2023 00:19:56,,,Femme,25 - 35 ans,Salari√©,ZARA,Vente priv√©e en ligne,R√©guli√®rement(une √† plusieurs fois par mois),Prix abordables et accessibles,,,,18 Centimes,Non,2600L,Non,Oui,4,4,4,4,4,5,4,5,4,4,4,3,4
10/04/2023 00:20:49,,,Homme,25 - 35 ans,Etudiant,ZARA,En ligne site divers,R√©guli√®rement(une √† plusieurs fois par mois),Vari√©t√© de styles et de couleurs,,,,3 euros,Non,2600L,√ßa ne me concerne pasüíÄ,Oui,4,3,5,4,3,4,4,4,5,3,4,4,4
10/04/2023 00:21:38,,,Femme,35 - 50 ans,Au ch√¥mage!  Ce n'est pas graveü§ó,Pull and Bear,Magasin physique,R√©guli√®rement(une √† plusieurs fois par mois),Facilement disponible,,,,3 euros,Non,2600L,Oui,Non,4,4,4,4,3,4,4,4,3,4,4,4,4
10/04/2023 00:22:28,,,Femme,18 - 24 ans,Etudiant,SHEIN,En ligne site divers,Fr√©quemment(une √† plusieurs fois par semaine)ü§ê,Prix abordables et accessibles,,,,3 euros,Non,1000 L,Non,Oui,4,4,3,4,4,3,4,4,4,4,4,4,4
10/04/2023 00:23:20,,,Homme,18 - 24 ans,Etudiant,H&M,Magasin physique,Rarement( une √† deux fois par an),Vari√©t√© de styles et de couleurs,,,,3 euros,Non,5000L,Non,Oui,4,4,4,3,3,3,3,4,4,5,5,5,4
10/04/2023 16:31:12,,,Femme,25 - 35 ans,Salari√©,Bershka,Magasin physique,R√©guli√®rement(une √† plusieurs fois par mois),Prix abordables et accessibles,,,,3 euros,Non,3000L,Non,Oui,4,4,4,4,5,5,4,4,5,4,4,4,3
10/04/2023 16:32:03,,,Femme,18 - 24 ans,Etudiant,ZARA,Vente priv√©e en ligne,Fr√©quemment(une √† plusieurs fois par semaine)ü§ê,Facilement disponible,,,,5 euros,Non,1000 L,Non,Oui,4,4,4,3,4,4,3,4,4,4,2,3,5
10/04/2023 16:34:43,,,Femme,18 - 24 ans,Etudiant,ZARA,Vente priv√©e en ligne,R√©guli√®rement(une √† plusieurs fois par mois),Facilement disponible,,,,3 euros,Non,5000L,Non,Oui,4,4,4,4,4,4,4,4,5,5,4,4,4
10/04/2023 16:35:34,,,Femme,25 - 35 ans,Etudiant,SHEIN,En ligne site divers,Fr√©quemment(une √† plusieurs fois par semaine)ü§ê,Prix abordables et accessibles,,,,1 euro,Non,1000 L,Non,Oui,4,4,5,5,5,4,4,4,4,4,4,4,4
10/04/2023 16:36:34,,,Femme,Moins de 18 ans,Etudiant,SHEIN,En ligne site divers,R√©guli√®rement(une √† plusieurs fois par mois),Prix abordables et accessibles,,,,18 Centimes,Non,2600L,Non,Oui,4,5,4,5,4,5,4,4,4,4,5,5,5
10/04/2023 16:39:55,,,Femme,35 - 50 ans,Salari√©,Bershka,Vente priv√©e en ligne,R√©guli√®rement(une √† plusieurs fois par mois),Facilement disponible,,,,3 euros,Non,2600L,Non,Oui,4,5,4,4,4,4,4,4,4,5,5,4,4
10/04/2023 16:41:10,,,Femme,18 - 24 ans,Salari√©,Bershka,Magasin physique,R√©guli√®rement(une √† plusieurs fois par mois),Design tendance et articles √† la mode,,,,3 euros,Non,2600L,Non,Oui,4,5,4,4,4,4,3,5,4,4,4,5,5
10/04/2023 16:42:27,,,Homme,25 - 35 ans,Etudiant,SHEIN,Magasin physique,R√©guli√®rement(une √† plusieurs fois par mois),Design tendance et articles √† la mode,,,,5 euros,Non,2600L,Non,Oui,4,4,4,4,4,3,4,4,4,4,4,4,5
10/04/2023 16:45:31,,,Femme,25 - 35 ans,Salari√©,H&M,Magasin physique,R√©guli√®rement(une √† plusieurs fois par mois),Design tendance et articles √† la mode,,,,1 euro,Non,2600L,Non,Oui,4,4,4,4,4,3,4,4,4,4,4,4,4
10/04/2023 16:47:09,,,Femme,25 - 35 ans,Au ch√¥mage!  Ce n'est pas graveü§ó,H&M,Vente priv√©e en ligne,R√©guli√®rement(une √† plusieurs fois par mois),Design tendance et articles √† la mode,,,,3 euros,Non,5000L,Non,Oui,4,5,4,4,4,5,3,5,5,5,4,4,4
10/04/2023 16:48:01,,,Femme,18 - 24 ans,Etudiant,ZARA,Vente priv√©e en ligne,R√©guli√®rement(une √† plusieurs fois par mois),Design tendance et articles √† la mode,,,,3 euros,Non,2600L,Non,Oui,4,4,5,5,4,4,3,4,4,4,4,5,4
10/04/2023 16:48:57,,,Femme,25 - 35 ans,Salari√©,Bershka,En ligne site divers,Fr√©quemment(une √† plusieurs fois par semaine)ü§ê,Design tendance et articles √† la mode,,,,3 euros,Non,7600L,Non,Oui,4,4,3,4,4,4,4,4,4,4,4,4,4
10/04/2023 16:49:59,,,Femme,18 - 24 ans,Etudiant,ZARA,En ligne site divers,R√©guli√®rement(une √† plusieurs fois par mois),Facilement disponible,,,,5 euros,Non,5000L,Non,Oui,3,5,4,4,4,4,4,4,5,5,5,5,4
10/04/2023 16:51:01,,,Femme,18 - 24 ans,Salari√©,Pull and Bear,En ligne site divers,R√©guli√®rement(une √† plusieurs fois par mois),Prix abordables et accessibles,,,,3 euros,Non,3000L,Non,Oui,4,4,4,5,4,3,4,4,5,5,4,5,4
10/04/2023 16:51:57,,,Homme,25 - 35 ans,Salari√©,Pull and Bear,Magasin physique,R√©guli√®rement(une √† plusieurs fois par mois),Design tendance et articles √† la mode,,,,3 euros,Non,5000L,Non,Oui,4,5,4,3,4,4,4,5,4,4,4,4,5
10/04/2023 16:52:51,,,Homme,18 - 24 ans,Au ch√¥mage!  Ce n'est pas graveü§ó,H&M,Vente priv√©e en ligne,Rarement( une √† deux fois par an),Vari√©t√© de styles et de couleurs,,,,3 euros,Non,3000L,Non,Oui,4,5,4,4,4,4,4,4,5,5,5,4,4
10/04/2023 16:53:47,,,Femme,25 - 35 ans,Au ch√¥mage!  Ce n'est pas graveü§ó,Pull and Bear,Magasin physique,R√©guli√®rement(une √† plusieurs fois par mois),Prix abordables et accessibles,,,,3 euros,Non,2600L,Non,Oui,4,5,4,5,5,4,4,5,5,5,4,5,5
10/04/2023 16:56:03,,,Femme,25 - 35 ans,Salari√©,Mango,Magasin physique,R√©guli√®rement(une √† plusieurs fois par mois),Facilement disponible,,,,3 euros,Non,2600L,Non,Oui,4,4,3,4,3,4,4,4,5,5,5,4,5
10/04/2023 17:03:14,,,Homme,18 - 24 ans,Salari√©,Bershka,En ligne site divers,Fr√©quemment(une √† plusieurs fois par semaine)ü§ê,Prix abordables et accessibles,,,,3 euros,Non,3000L,Non,Oui,3,4,4,4,5,4,4,4,4,4,4,4,3
10/04/2023 17:05:29,,,Femme,25 - 35 ans,Etudiant,ZARA,En ligne site divers,Fr√©quemment(une √† plusieurs fois par semaine)ü§ê,Design tendance et articles √† la mode,,,,3 euros,Non,3000L,Non,Oui,5,5,4,5,4,4,4,4,4,4,4,4,4
10/04/2023 17:06:38,,,Homme,25 - 35 ans,Au ch√¥mage!  Ce n'est pas graveü§ó,H&M,Magasin physique,R√©guli√®rement(une √† plusieurs fois par mois),Design tendance et articles √† la mode,,,,5 euros,Non,2600L,Non,Oui,4,5,4,5,4,4,5,5,4,4,4,4,5
10/04/2023 17:07:30,,,Femme,25 - 35 ans,Au ch√¥mage!  Ce n'est pas graveü§ó,Bershka,Vente priv√©e en ligne,R√©guli√®rement(une √† plusieurs fois par mois),Facilement disponible,,,,1 euro,Non,3000L,Non,Oui,3,4,3,4,4,5,5,5,4,4,4,4,4
10/04/2023 17:08:34,,,Homme,18 - 24 ans,Etudiant,Pull and Bear,Magasin physique,Rarement( une √† deux fois par an),Design tendance et articles √† la mode,,,,3 euros,Non,3000L,Non,Oui,4,5,5,4,4,5,4,5,5,5,4,4,4
10/04/2023 17:11:03,,,Femme,18 - 24 ans,Etudiant,ZARA,En ligne site divers,Fr√©quemment(une √† plusieurs fois par semaine)ü§ê,Design tendance et articles √† la mode,,,,3 euros,Non,2600L,Non,Oui,4,4,4,4,5,5,5,5,5,4,4,5,4
10/04/2023 17:12:30,,,Homme,25 - 35 ans,Salari√©,Bershka,Vente priv√©e en ligne,R√©guli√®rement(une √† plusieurs fois par mois),Design tendance et articles √† la mode,,,,3 euros,Non,5000L,Non,Oui,4,3,4,4,4,4,5,5,5,4,4,4,4
10/04/2023 17:14:17,,,Femme,25 - 35 ans,Salari√©,SHEIN,En ligne site divers,Fr√©quemment(une √† plusieurs fois par semaine)ü§ê,Prix abordables et accessibles,,,,5 euros,Non,3000L,Non,Oui,4,5,4,4,4,4,4,4,4,5,5,4,4
10/04/2023 17:15:56,,,Femme,18 - 24 ans,Etudiant,ZARA,Vente priv√©e en ligne,Fr√©quemment(une √† plusieurs fois par semaine)ü§ê,Prix abordables et accessibles,,,,3 euros,Non,5000L,Non,Oui,5,4,4,5,5,5,4,5,4,4,5,5,5
10/04/2023 17:17:33,,,Femme,25 - 35 ans,Etudiant,ZARA,Vente priv√©e en ligne,R√©guli√®rement(une √† plusieurs fois par mois),Design tendance et articles √† la mode,,,,5 euros,Non,3000L,Non,Oui,5,4,4,4,4,5,4,4,5,4,5,4,4
10/04/2023 17:18:27,,,Homme,18 - 24 ans,Salari√©,Bershka,Vente priv√©e en ligne,R√©guli√®rement(une √† plusieurs fois par mois),Facilement disponible,,,,3 euros,Non,3000L,Non,Oui,4,4,4,4,5,4,5,5,5,5,5,4,5
10/04/2023 17:19:54,,,Homme,18 - 24 ans,Etudiant,SHEIN,En ligne site divers,Fr√©quemment(une √† plusieurs fois par semaine)ü§ê,Prix abordables et accessibles,,,,3 euros,Non,3000L,Non,Oui,4,5,4,5,4,4,4,4,4,4,5,5,5
10/04/2023 17:21:01,,,Homme,25 - 35 ans,Salari√©,ZARA,Vente priv√©e en ligne,R√©guli√®rement(une √† plusieurs fois par mois),Facilement disponible,,,,3 euros,J'en ai rien √† faireüíÄ,3000L,Non,Oui,5,5,5,5,5,3,4,5,5,5,5,5,3
10/04/2023 17:21:45,,,Femme,25 - 35 ans,Salari√©,Bershka,Magasin physique,R√©guli√®rement(une √† plusieurs fois par mois),Vari√©t√© de styles et de couleurs,,,,5 euros,Non,3000L,Non,Oui,5,4,4,4,4,4,3,4,5,5,5,5,4
10/04/2023 17:23:13,,,Femme,25 - 35 ans,Salari√©,Bershka,Magasin physique,R√©guli√®rement(une √† plusieurs fois par mois),Design tendance et articles √† la mode,,,,1 euro,Non,3000L,Non,Oui,5,4,4,4,3,4,3,4,5,5,4,4,4
10/04/2023 17:24:00,,,Femme,25 - 35 ans,Au ch√¥mage!  Ce n'est pas graveü§ó,H&M,Vente priv√©e en ligne,R√©guli√®rement(une √† plusieurs fois par mois),Facilement disponible,,,,1 euro,Non,3000L,Non,Oui,4,4,3,4,4,4,4,4,4,4,4,5,3
10/04/2023 17:24:47,,,Femme,25 - 35 ans,Salari√©,Bershka,Vente priv√©e en ligne,Fr√©quemment(une √† plusieurs fois par semaine)ü§ê,Design tendance et articles √† la mode,,,,3 euros,Non,3000L,Non,Oui,4,4,3,4,4,4,3,5,4,5,5,5,4
10/04/2023 17:25:33,,,Femme,18 - 24 ans,Salari√©,ZARA,Magasin physique,R√©guli√®rement(une √† plusieurs fois par mois),Prix abordables et accessibles,,,,1 euro,Non,5000L,Non,Oui,4,4,4,5,4,5,4,4,5,5,4,4,4
10/04/2023 17:26:18,,,Femme,25 - 35 ans,Salari√©,H&M,Magasin physique,R√©guli√®rement(une √† plusieurs fois par mois),Design tendance et articles √† la mode,,,,1 euro,Non,3000L,Non,Oui,4,4,3,3,4,4,4,4,4,5,5,5,5
10/04/2023 17:27:00,,,Femme,18 - 24 ans,Salari√©,ZARA,En ligne site divers,R√©guli√®rement(une √† plusieurs fois par mois),Vari√©t√© de styles et de couleurs,,,,1 euro,Non,3000L,Non,Oui,4,3,3,3,5,4,3,4,5,4,4,4,4
10/04/2023 17:27:48,,,Femme,25 - 35 ans,Salari√©,ZARA,Vente priv√©e en ligne,R√©guli√®rement(une √† plusieurs fois par mois),Design tendance et articles √† la mode,,,,1 euro,Non,2600L,Oui,Oui,5,5,5,5,5,5,5,5,5,5,5,5,5
10/04/2023 17:28:34,,,Femme,25 - 35 ans,Salari√©,ZARA,En ligne site divers,R√©guli√®rement(une √† plusieurs fois par mois),Facilement disponible,,,,5 euros,Non,2600L,Non,Oui,4,4,4,4,5,4,3,4,5,5,5,5,5
10/04/2023 17:43:16,,,Femme,35 - 50 ans,Au ch√¥mage!  Ce n'est pas graveü§ó,H&M,Magasin physique,R√©guli√®rement(une √† plusieurs fois par mois),Facilement disponible,,,,3 euros,Non,3000L,Non,Oui,4,4,4,4,4,4,4,5,5,5,4,4,4
10/04/2023 17:44:19,,,Femme,18 - 24 ans,Etudiant,ZARA,En ligne site divers,Fr√©quemment(une √† plusieurs fois par semaine)ü§ê,Design tendance et articles √† la mode,,,,5 euros,Non,7600L,Non,Oui,3,4,2,4,4,4,3,4,4,5,5,5,5
10/04/2023 17:45:15,,,Femme,25 - 35 ans,Etudiant,ZARA,En ligne site divers,Fr√©quemment(une √† plusieurs fois par semaine)ü§ê,Prix abordables et accessibles,,,,3 euros,Non,3000L,Non,Oui,4,5,4,5,5,5,5,5,4,5,5,5,5
10/04/2023 17:47:21,,,Homme,25 - 35 ans,Salari√©,ZARA,Vente priv√©e en ligne,R√©guli√®rement(une √† plusieurs fois par mois),Facilement disponible,,,,3 euros,Non,2600L,Non,Oui,4,4,4,5,4,4,4,4,4,5,4,4,4
10/04/2023 17:48:27,,,Femme,18 - 24 ans,Salari√©,ZARA,En ligne site divers,R√©guli√®rement(une √† plusieurs fois par mois),Facilement disponible,,,,3 euros,Non,3000L,Non,Oui,4,4,3,4,4,5,5,4,5,4,4,4,4
10/04/2023 17:49:54,,,Homme,25 - 35 ans,Salari√©,Pull and Bear,Vente priv√©e en ligne,R√©guli√®rement(une √† plusieurs fois par mois),Vari√©t√© de styles et de couleurs,,,,18 Centimes,Non,2600L,Non,Oui,4,5,5,5,5,5,5,5,5,5,4,5,4
10/04/2023 17:50:53,,,Femme,18 - 24 ans,Etudiant,ZARA,En ligne site divers,Fr√©quemment(une √† plusieurs fois par semaine)ü§ê,Design tendance et articles √† la mode,,,,3 euros,Non,5000L,Non,Oui,4,5,5,5,5,5,5,5,5,5,5,4,4
10/04/2023 17:52:14,,,Homme,25 - 35 ans,Salari√©,Topshop,Magasin physique,R√©guli√®rement(une √† plusieurs fois par mois),Prix abordables et accessibles,,,,3 euros,Non,3000L,Non,Oui,5,4,4,4,5,5,5,5,5,4,4,4,4
10/04/2023 17:53:32,,,Femme,25 - 35 ans,Salari√©,H&M,Vente priv√©e en ligne,Rarement( une √† deux fois par an),Vari√©t√© de styles et de couleurs,,,,1 euro,Non,3000L,Non,Oui,5,4,5,5,4,5,5,5,5,5,5,5,5
10/04/2023 17:55:08,,,Homme,25 - 35 ans,Salari√©,Pull and Bear,Magasin physique,R√©guli√®rement(une √† plusieurs fois par mois),Design tendance et articles √† la mode,,,,18 Centimes,Non,2600L,Non,Oui,4,3,3,4,3,3,4,4,3,4,4,3,4
10/04/2023 17:56:58,,,Homme,18 - 24 ans,Salari√©,Bershka,Magasin physique,R√©guli√®rement(une √† plusieurs fois par mois),Vari√©t√© de styles et de couleurs,,,,5 euros,Non,5000L,Non,Oui,5,4,4,4,4,4,4,4,4,4,4,4,4
10/04/2023 18:00:01,,,Femme,18 - 24 ans,Etudiant,ZARA,En ligne site divers,Rarement( une √† deux fois par an),Prix abordables et accessibles,,,,3 euros,Non,1000 L,Non,Oui,4,5,5,5,4,4,4,5,4,5,5,3,5
10/04/2023 18:01:13,,,Homme,18 - 24 ans,Etudiant,ZARA,En ligne site divers,Fr√©quemment(une √† plusieurs fois par semaine)ü§ê,Design tendance et articles √† la mode,,,,3 euros,Non,1000 L,Non,Oui,4,4,3,4,4,4,4,5,4,4,4,4,3
10/04/2023 18:03:45,,,Femme,25 - 35 ans,Salari√©,Bershka,Magasin physique,R√©guli√®rement(une √† plusieurs fois par mois),Facilement disponible,,,,3 euros,Non,5000L,Non,Oui,4,4,3,4,4,4,4,4,4,5,5,5,5
10/04/2023 18:04:43,,,Femme,25 - 35 ans,Salari√©,H&M,Magasin physique,R√©guli√®rement(une √† plusieurs fois par mois),Design tendance et articles √† la mode,,,,5 euros,Non,2600L,Non,Oui,4,4,4,4,4,4,3,4,4,4,4,4,4
10/04/2023 18:05:31,,,Femme,25 - 35 ans,Salari√©,H&M,Magasin physique,R√©guli√®rement(une √† plusieurs fois par mois),Vari√©t√© de styles et de couleurs,,,,3 euros,Non,2600L,Non,Oui,4,4,3,3,4,4,4,4,5,5,5,4,4
10/04/2023 18:06:19,,,Femme,18 - 24 ans,Au ch√¥mage!  Ce n'est pas graveü§ó,Bershka,Magasin physique,R√©guli√®rement(une √† plusieurs fois par mois),Facilement disponible,,,,1 euro,Non,5000L,Non,Oui,5,4,5,4,4,3,3,4,5,5,4,4,5
10/04/2023 18:07:11,,,Homme,Moins de 18 ans,Etudiant,H&M,Vinted,R√©guli√®rement(une √† plusieurs fois par mois),Facilement disponible,,,,3 euros,Non,2600L,Non,Oui,4,3,4,5,5,4,3,4,4,4,4,5,4
10/04/2023 18:08:07,,,Homme,18 - 24 ans,Etudiant,ZARA,Vente priv√©e en ligne,R√©guli√®rement(une √† plusieurs fois par mois),Facilement disponible,,,,3 euros,Non,2600L,Non,Oui,4,3,3,3,3,3,4,3,3,3,3,3,3
10/04/2023 18:09:40,,,Femme,25 - 35 ans,Au ch√¥mage!  Ce n'est pas graveü§ó,Bershka,Magasin physique,R√©guli√®rement(une √† plusieurs fois par mois),Facilement disponible,,,,3 euros,Non,5000L,Non,Oui,3,3,4,4,5,5,5,5,5,5,5,5,5
10/04/2023 18:10:40,,,Homme,18 - 24 ans,Salari√©,H&M,Magasin physique,R√©guli√®rement(une √† plusieurs fois par mois),Design tendance et articles √† la mode,,,,3 euros,Non,1000 L,Non,Oui,4,4,4,4,4,4,4,5,5,5,5,4,4
10/04/2023 18:11:35,,,Femme,25 - 35 ans,Etudiant,ZARA,Vente priv√©e en ligne,R√©guli√®rement(une √† plusieurs fois par mois),Facilement disponible,,,,3 euros,Non,5000L,Non,Oui,4,4,3,3,3,4,4,4,5,5,4,4,4
10/04/2023 18:12:38,,,Femme,18 - 24 ans,Salari√©,Pull and Bear,Magasin physique,R√©guli√®rement(une √† plusieurs fois par mois),Facilement disponible,,,,3 euros,Non,3000L,Non,Oui,5,4,3,3,4,4,3,5,4,4,4,4,4
10/04/2023 18:13:28,,,Homme,25 - 35 ans,Salari√©,H&M,Vente priv√©e en ligne,R√©guli√®rement(une √† plusieurs fois par mois),Prix abordables et accessibles,,,,3 euros,Non,1000 L,Non,Oui,5,3,4,4,4,5,5,5,5,5,5,4,4
10/04/2023 18:14:20,,,Homme,25 - 35 ans,Salari√©,ZARA,Vente priv√©e en ligne,R√©guli√®rement(une √† plusieurs fois par mois),Design tendance et articles √† la mode,,,,3 euros,Non,1000 L,Non,Oui,4,4,4,5,4,4,4,4,5,4,4,5,4
10/04/2023 18:15:25,,,Femme,18 - 24 ans,Salari√©,H&M,Magasin physique,R√©guli√®rement(une √† plusieurs fois par mois),Design tendance et articles √† la mode,,,,3 euros,Non,3000L,Non,Oui,4,3,4,4,4,4,4,4,4,4,4,5,4
10/04/2023 18:18:56,,,Femme,25 - 35 ans,Salari√©,SHEIN,Vinted,R√©guli√®rement(une √† plusieurs fois par mois),Design tendance et articles √† la mode,,,,3 euros,Non,3000L,Non,Oui,4,3,3,4,3,4,4,4,4,4,4,4,3
10/04/2023 18:20:33,,,Femme,35 - 50 ans,Salari√©,ZARA,Vente priv√©e en ligne,R√©guli√®rement(une √† plusieurs fois par mois),Design tendance et articles √† la mode,,,,1 euro,Non,2600L,Non,Oui,4,5,4,4,4,4,4,4,4,4,3,4,4
10/04/2023 18:23:29,,,Femme,25 - 35 ans,Salari√©,ZARA,Vente priv√©e en ligne,R√©guli√®rement(une √† plusieurs fois par mois),Design tendance et articles √† la mode,,,,1 euro,Non,5000L,Non,Oui,4,3,4,4,5,4,4,4,4,4,4,4,4
10/04/2023 18:24:40,,,Femme,25 - 35 ans,Etudiant,ZARA,Magasin physique,R√©guli√®rement(une √† plusieurs fois par mois),Facilement disponible,,,,3 euros,Non,2600L,Non,Oui,4,4,3,4,4,4,4,4,4,4,4,4,4
10/04/2023 18:25:31,,,Homme,18 - 24 ans,Etudiant,SHEIN,Vente priv√©e en ligne,R√©guli√®rement(une √† plusieurs fois par mois),Prix abordables et accessibles,,,,3 euros,Non,2600L,Non,Oui,4,4,4,4,4,4,4,4,4,4,4,4,4
10/04/2023 18:26:30,,,Femme,25 - 35 ans,Au ch√¥mage!  Ce n'est pas graveü§ó,ZARA,Magasin physique,Rarement( une √† deux fois par an),Design tendance et articles √† la mode,,,,3 euros,Non,3000L,Non,Non,3,2,2,4,4,4,4,4,4,4,4,4,4
10/04/2023 18:27:45,,,Femme,25 - 35 ans,Salari√©,ZARA,Vente priv√©e en ligne,R√©guli√®rement(une √† plusieurs fois par mois),Facilement disponible,,,,3 euros,Non,1000 L,Non,Oui,5,3,4,4,4,4,3,4,4,4,5,4,4
10/04/2023 18:29:51,,,Femme,25 - 35 ans,Salari√©,Bershka,Vente priv√©e en ligne,R√©guli√®rement(une √† plusieurs fois par mois),Facilement disponible,,,,5 euros,Non,3000L,Non,Oui,3,3,5,4,4,4,3,4,4,4,4,5,4
10/04/2023 18:30:43,,,Femme,18 - 24 ans,Salari√©,ZARA,Vente priv√©e en ligne,R√©guli√®rement(une √† plusieurs fois par mois),Prix abordables et accessibles,,,,3 euros,Non,3000L,Non,Oui,4,3,4,4,3,4,4,4,4,4,4,4,4
10/04/2023 18:44:38,,,Femme,18 - 24 ans,Salari√©,ZARA,En ligne site divers,R√©guli√®rement(une √† plusieurs fois par mois),Facilement disponible,,,,3 euros,Non,2600L,Non,Oui,4,4,4,4,4,4,4,5,5,5,5,5,4
10/04/2023 18:47:19,,,Femme,25 - 35 ans,Salari√©,ZARA,Vente priv√©e en ligne,R√©guli√®rement(une √† plusieurs fois par mois),Design tendance et articles √† la mode,,,,1 euro,Non,2600L,Non,Oui,4,5,4,5,4,5,4,4,4,4,4,4,4
10/04/2023 18:48:12,,,Homme,18 - 24 ans,Salari√©,ZARA,En ligne site divers,R√©guli√®rement(une √† plusieurs fois par mois),Facilement disponible,,,,5 euros,Non,3000L,Non,Oui,5,5,5,5,5,5,5,5,4,3,4,4,4
10/04/2023 18:49:22,,,Femme,25 - 35 ans,Etudiant,H&M,Magasin physique,R√©guli√®rement(une √† plusieurs fois par mois),Prix abordables et accessibles,,,,3 euros,Non,2600L,Non,Oui,4,5,4,3,4,4,4,4,5,5,5,4,5
10/04/2023 18:50:26,,,Femme,25 - 35 ans,Etudiant,ZARA,Vente priv√©e en ligne,R√©guli√®rement(une √† plusieurs fois par mois),Vari√©t√© de styles et de couleurs,,,,3 euros,Non,3000L,Non,Non,4,5,4,3,4,4,4,5,5,5,5,4,2
10/04/2023 18:51:41,,,Homme,25 - 35 ans,Au ch√¥mage!  Ce n'est pas graveü§ó,Bershka,Magasin physique,R√©guli√®rement(une √† plusieurs fois par mois),Facilement disponible,,,,1 euro,Non,5000L,Non,Oui,4,5,3,4,4,4,4,4,4,4,5,5,5
10/04/2023 18:53:11,,,Homme,25 - 35 ans,Salari√©,ZARA,En ligne site divers,Fr√©quemment(une √† plusieurs fois par semaine)ü§ê,Prix abordables et accessibles,,,,1 euro,Non,3000L,Non,Oui,4,5,4,5,4,4,5,5,4,4,4,4,4
10/04/2023 18:54:15,,,Homme,25 - 35 ans,Salari√©,ZARA,Magasin physique,R√©guli√®rement(une √† plusieurs fois par mois),Design tendance et articles √† la mode,,,,3 euros,Non,5000L,Non,Oui,4,5,4,4,4,4,5,5,5,5,5,4,4
10/04/2023 18:55:14,,,Femme,18 - 24 ans,Salari√©,Bershka,Magasin physique,R√©guli√®rement(une √† plusieurs fois par mois),Design tendance et articles √† la mode,,,,3 euros,Non,1000 L,Non,Oui,4,4,5,5,4,4,4,5,5,4,5,4,4
10/04/2023 18:56:30,,,Homme,25 - 35 ans,Au ch√¥mage!  Ce n'est pas graveü§ó,H&M,Magasin physique,R√©guli√®rement(une √† plusieurs fois par mois),Design tendance et articles √† la mode,,,,3 euros,Non,3000L,Non,Oui,3,4,4,4,4,4,4,5,4,4,4,4,4
10/04/2023 18:57:24,,,Femme,25 - 35 ans,Salari√©,H&M,Magasin physique,R√©guli√®rement(une √† plusieurs fois par mois),Facilement disponible,,,,3 euros,Non,5000L,Non,Oui,5,4,3,3,3,4,3,4,4,4,4,4,4
10/04/2023 18:58:23,,,Femme,18 - 24 ans,Salari√©,ZARA,En ligne site divers,R√©guli√®rement(une √† plusieurs fois par mois),Design tendance et articles √† la mode,,,,3 euros,Non,3000L,Oui,Oui,4,4,4,4,5,4,3,4,4,4,4,4,4
10/04/2023 18:59:11,,,Femme,25 - 35 ans,Au ch√¥mage!  Ce n'est pas graveü§ó,Pull and Bear,Vinted,R√©guli√®rement(une √† plusieurs fois par mois),Facilement disponible,,,,1 euro,Non,5000L,Non,Oui,4,3,3,3,3,4,3,4,5,5,4,5,4
10/04/2023 19:00:00,,,Homme,25 - 35 ans,Etudiant,H&M,Vente priv√©e en ligne,Fr√©quemment(une √† plusieurs fois par semaine)ü§ê,Design tendance et articles √† la mode,,,,3 euros,Non,1000 L,Non,Oui,3,4,4,3,4,4,3,5,4,5,4,4,4
10/04/2023 19:00:50,,,Femme,18 - 24 ans,Salari√©,ZARA,Vente priv√©e en ligne,R√©guli√®rement(une √† plusieurs fois par mois),Facilement disponible,,,,3 euros,Oui,3000L,Oui,Oui,5,3,4,5,4,5,5,5,5,5,4,4,5
10/04/2023 19:01:37,,,Femme,25 - 35 ans,Salari√©,H&M,Vente priv√©e en ligne,R√©guli√®rement(une √† plusieurs fois par mois),Design tendance et articles √† la mode,,,,3 euros,Non,3000L,Non,Oui,4,2,3,3,4,4,3,4,4,3,3,3,4
10/04/2023 19:02:19,,,Femme,25 - 35 ans,Salari√©,ZARA,Vente priv√©e en ligne,R√©guli√®rement(une √† plusieurs fois par mois),Facilement disponible,,,,5 euros,Non,3000L,Non,Oui,3,4,3,3,3,5,4,4,5,5,3,4,5
10/04/2023 19:03:06,,,Femme,25 - 35 ans,Au ch√¥mage!  Ce n'est pas graveü§ó,H&M,Magasin physique,R√©guli√®rement(une √† plusieurs fois par mois),Design tendance et articles √† la mode,,,,3 euros,Non,5000L,Non,Oui,5,4,3,4,4,4,3,4,4,5,5,5,4